# Blender v2.77 (sub 0) OBJ File: ''
# www.blender.org
mtllib Fudgehog.mtl
o Fudgehog
v 0.199213 0.559345 0.539812
v 0.213246 0.565331 0.520456
v 0.195726 0.581675 0.519846
v 0.221010 0.543436 0.526352
v 0.203295 0.547834 0.542911
v 0.216939 0.521856 0.535953
v 0.201154 0.536489 0.547959
v 0.181187 0.549776 0.553629
v 0.190002 0.567937 0.539491
v 0.173145 0.588089 0.524686
v 0.178131 0.571309 0.542036
v 0.193365 0.528350 0.553603
v 0.151554 0.582853 0.533678
v 0.166779 0.568557 0.546763
v 0.158990 0.560417 0.552407
v 0.156850 0.549072 0.557455
v 0.132667 0.545792 0.554015
v 0.140431 0.523897 0.559911
v 0.202123 0.506375 0.546689
v 0.182014 0.525597 0.558330
v 0.170143 0.528969 0.560875
v 0.160932 0.537562 0.560554
v 0.157951 0.507553 0.560520
v 0.136738 0.567371 0.544413
v 0.180532 0.501139 0.555681
v -0.182721 0.536489 0.547959
v -0.162753 0.549776 0.553629
v -0.184862 0.547834 0.542911
v -0.180779 0.559345 0.539812
v -0.198506 0.521856 0.535953
v -0.202577 0.543436 0.526352
v -0.194813 0.565331 0.520456
v -0.177293 0.581675 0.519846
v -0.171569 0.567937 0.539491
v -0.154712 0.588089 0.524686
v -0.159697 0.571309 0.542036
v -0.133121 0.582853 0.533678
v -0.148346 0.568557 0.546763
v -0.118305 0.567371 0.544413
v -0.140557 0.560417 0.552407
v -0.114234 0.545792 0.554015
v -0.138417 0.549072 0.557455
v -0.142499 0.537562 0.560554
v -0.121998 0.523897 0.559911
v -0.139518 0.507553 0.560520
v -0.151709 0.528969 0.560875
v -0.162099 0.501139 0.555681
v -0.163581 0.525597 0.558330
v -0.183690 0.506375 0.546689
v -0.174932 0.528350 0.553603
v 0.192297 0.452521 0.471998
v 0.216270 0.477571 0.454628
v 0.201437 0.457690 0.494295
v 0.226644 0.484029 0.476031
v 0.206367 0.469227 0.515508
v 0.230340 0.494277 0.498139
v 0.206603 0.486002 0.533562
v 0.226996 0.507311 0.518786
v 0.157362 0.444050 0.486548
v 0.164704 0.448783 0.509593
v 0.171432 0.460756 0.530058
v 0.176886 0.478796 0.545939
v 0.120825 0.454427 0.494378
v 0.126288 0.459694 0.517827
v 0.134895 0.471133 0.537889
v 0.145806 0.487624 0.552600
v 0.092478 0.480872 0.493392
v 0.096481 0.487500 0.516790
v 0.106548 0.497578 0.536902
v 0.121692 0.510119 0.551761
v 0.079914 0.516299 0.483853
v 0.083271 0.524750 0.506760
v 0.093984 0.533005 0.527363
v 0.111005 0.540255 0.543646
v 0.086502 0.551216 0.468317
v 0.090198 0.561463 0.490424
v 0.100572 0.567921 0.511827
v 0.116608 0.569957 0.530431
v 0.110475 0.576266 0.450947
v 0.115404 0.587802 0.472160
v 0.124545 0.592971 0.494457
v 0.137001 0.591266 0.515655
v 0.145410 0.584737 0.436397
v 0.152137 0.596710 0.456862
v 0.159480 0.601442 0.479908
v 0.166719 0.598472 0.503278
v 0.181946 0.574360 0.428567
v 0.190554 0.585799 0.448628
v 0.196016 0.591065 0.472077
v 0.197798 0.589644 0.496617
v 0.210294 0.547915 0.429553
v 0.220360 0.557992 0.449666
v 0.224364 0.564620 0.473063
v 0.221912 0.567149 0.497456
v 0.222857 0.512488 0.439092
v 0.233570 0.520742 0.459696
v 0.236927 0.529193 0.482603
v 0.232599 0.537013 0.505571
v -0.092572 0.540255 0.543646
v -0.103259 0.510119 0.551761
v -0.127373 0.487624 0.552600
v -0.158453 0.478796 0.545939
v -0.188170 0.486002 0.533562
v -0.208563 0.507311 0.518786
v -0.075551 0.533005 0.527363
v -0.088115 0.497578 0.536902
v -0.116462 0.471133 0.537889
v -0.152999 0.460756 0.530058
v -0.187934 0.469227 0.515508
v -0.211907 0.494277 0.498139
v -0.064838 0.524750 0.506760
v -0.078048 0.487500 0.516790
v -0.107855 0.459694 0.517827
v -0.146271 0.448783 0.509593
v -0.183004 0.457690 0.494295
v -0.208211 0.484029 0.476031
v -0.061481 0.516299 0.483853
v -0.074044 0.480872 0.493392
v -0.102392 0.454427 0.494378
v -0.138929 0.444050 0.486548
v -0.173864 0.452521 0.471998
v -0.197837 0.477571 0.454628
v -0.071764 0.561463 0.490424
v -0.068068 0.551216 0.468317
v -0.096971 0.587802 0.472160
v -0.092041 0.576266 0.450947
v -0.133704 0.596710 0.456862
v -0.126976 0.584737 0.436397
v -0.172120 0.585799 0.448628
v -0.163513 0.574360 0.428567
v -0.201927 0.557992 0.449666
v -0.191860 0.547915 0.429553
v -0.215137 0.520742 0.459696
v -0.204424 0.512488 0.439092
v -0.218494 0.529193 0.482603
v -0.205931 0.564620 0.473063
v -0.177583 0.591065 0.472077
v -0.141046 0.601442 0.479908
v -0.106111 0.592971 0.494457
v -0.082138 0.567921 0.511827
v -0.214166 0.537013 0.505571
v -0.203479 0.567149 0.497456
v -0.179365 0.589644 0.496617
v -0.148285 0.598472 0.503278
v -0.118568 0.591266 0.515655
v -0.098175 0.569957 0.530431
v -0.293861 0.385910 -0.479610
v -0.285931 0.316668 -0.420543
v -0.296954 0.247066 -0.473074
v -0.317427 0.384692 -0.618237
v -0.321249 0.247231 -0.616245
v -0.298322 0.247089 -0.472843
v -0.287299 0.316690 -0.420312
v -0.295229 0.385932 -0.479379
v -0.322617 0.247253 -0.616013
v -0.318796 0.384714 -0.618007
v -0.061160 0.261243 0.650318
v 0.009217 0.310740 0.647187
v 0.009217 0.259749 0.674737
v 0.079593 0.261243 0.650318
v 0.053756 0.317797 0.608614
v 0.136749 0.268091 0.607920
v 0.201291 0.281721 0.517551
v -0.298774 0.335236 0.349033
v -0.147180 0.368586 0.372927
v -0.267071 0.322551 0.390361
v -0.129475 0.383285 0.426651
v -0.235854 0.304247 0.438594
v -0.096826 0.346933 0.513942
v -0.182858 0.281721 0.517551
v -0.035323 0.317797 0.608614
v -0.118316 0.268091 0.607920
v -0.165041 0.287472 0.456420
v -0.167348 0.301185 0.425350
v -0.229844 0.308036 0.380213
v -0.110314 0.308036 0.362935
v -0.129034 0.285117 0.464742
v -0.109590 0.299424 0.466131
v -0.127593 0.311735 0.437517
v -0.043572 0.307177 0.470483
v -0.055580 0.313389 0.437517
v -0.067825 0.301185 0.408893
v 0.009217 0.301185 0.408893
v 0.009217 0.308036 0.350860
v -0.129017 0.335236 0.330134
v 0.009217 0.335236 0.318839
v 0.128747 0.308036 0.362935
v 0.147451 0.335236 0.330134
v 0.248277 0.308036 0.380213
v 0.317207 0.335236 0.349033
v 0.280019 0.318266 0.384043
v 0.251229 0.301569 0.431725
v 0.183474 0.287472 0.456420
v 0.206766 0.284229 0.497799
v 0.124040 0.261594 0.532463
v 0.154714 0.271888 0.575152
v 0.185781 0.301185 0.425350
v 0.086258 0.301185 0.408893
v 0.074014 0.313389 0.437517
v 0.146027 0.311735 0.437517
v 0.061950 0.306820 0.471847
v 0.128023 0.299424 0.466131
v 0.101210 0.264899 0.527848
v 0.147467 0.285117 0.464742
v 0.083523 0.283934 0.528654
v 0.054683 0.291942 0.526244
v 0.009217 0.296528 0.472930
v 0.009217 0.304988 0.437517
v -0.036205 0.291648 0.527371
v 0.060103 0.255638 0.583093
v 0.051521 0.276838 0.570980
v 0.009217 0.274225 0.594530
v 0.009217 0.283259 0.528474
v -0.033088 0.276838 0.570980
v -0.065090 0.283934 0.528654
v -0.041670 0.255638 0.583093
v -0.082776 0.264899 0.527848
v 0.009217 0.252227 0.613830
v -0.105606 0.261594 0.532463
v -0.062963 0.249741 0.603170
v 0.009217 0.245376 0.642510
v 0.081397 0.249741 0.603170
v -0.261586 0.318266 0.384043
v -0.232795 0.301569 0.431725
v -0.188333 0.284229 0.497799
v -0.136281 0.271888 0.575152
v -0.063791 0.261208 0.641167
v 0.009217 0.258091 0.671962
v 0.082224 0.261208 0.641167
v 0.115259 0.346933 0.513942
v 0.254287 0.304247 0.438594
v 0.147909 0.383285 0.426651
v 0.285504 0.322551 0.390361
v 0.165613 0.368586 0.372927
v 0.009217 0.383411 0.372284
v 0.009217 0.398088 0.426009
v 0.009217 0.379259 0.504892
v 0.009217 0.337074 0.599717
v 0.553188 1.763045 -0.134817
v 0.540659 1.547207 -0.367591
v 0.527776 1.757699 -0.364382
v 0.509062 1.956722 -0.146782
v 0.484340 1.947004 -0.353093
v 0.411615 2.100174 -0.334957
v 0.432042 2.114857 -0.159678
v 0.009217 0.347895 0.848646
v 0.054327 0.349297 0.842031
v 0.051831 0.365642 0.848490
v -0.035894 0.349297 0.842031
v -0.033398 0.365642 0.848490
v 0.009217 0.365979 0.857918
v 0.068081 0.407656 0.846826
v 0.009217 0.408623 0.864273
v 0.070117 0.425459 0.845498
v 0.039813 0.435418 0.845661
v 0.009217 0.442518 0.844952
v -0.021379 0.435418 0.845661
v -0.051684 0.425459 0.845498
v -0.049648 0.407656 0.846826
v 0.342860 0.296849 0.270267
v 0.350859 0.394088 0.263887
v 0.279484 0.325684 0.440623
v 0.305578 0.342727 0.385277
v 0.328747 0.381387 0.366075
v 0.354471 0.465724 0.275885
v 0.304178 0.429766 0.437854
v 0.345483 0.549318 0.315621
v 0.289183 0.354512 0.439194
v 0.157079 0.291730 0.609418
v 0.223712 0.303759 0.520946
v 0.237224 0.331269 0.522297
v 0.258724 0.404861 0.522871
v 0.291823 0.507546 0.443302
v 0.264820 0.546598 0.473850
v 0.281729 0.647324 0.398671
v 0.246525 0.587286 0.465662
v 0.210478 0.616021 0.472342
v 0.232121 0.583037 0.482352
v 0.185141 0.322005 0.615589
v 0.197475 0.387569 0.618915
v 0.118196 0.315849 0.708812
v 0.149686 0.386187 0.694082
v 0.137747 0.433143 0.692271
v 0.169869 0.449089 0.625534
v 0.104764 0.487147 0.621948
v 0.246625 0.550780 0.488843
v 0.227524 0.580170 0.485986
v 0.200097 0.601141 0.490431
v 0.189899 0.581862 0.480759
v 0.213014 0.564576 0.478234
v 0.223303 0.542831 0.483617
v 0.239681 0.549466 0.489524
v 0.224634 0.518126 0.498696
v 0.266873 0.507141 0.497856
v 0.248252 0.519499 0.507875
v 0.239853 0.520356 0.505365
v 0.227493 0.500902 0.527834
v 0.212825 0.499579 0.517565
v 0.199767 0.490900 0.546691
v 0.191040 0.492160 0.535169
v 0.170323 0.497686 0.561619
v 0.165118 0.497857 0.546791
v 0.153563 0.521560 0.572462
v 0.233290 0.496025 0.531728
v 0.247999 0.477530 0.527944
v 0.218617 0.468123 0.558360
v 0.206142 0.488567 0.555841
v 0.175150 0.475976 0.582053
v 0.175536 0.494793 0.569358
v 0.140315 0.504889 0.587284
v 0.147919 0.517714 0.575271
v 0.139859 0.551150 0.566963
v 0.118911 0.543577 0.577490
v 0.130951 0.548385 0.571007
v 0.136812 0.577191 0.555381
v 0.126622 0.578638 0.556579
v 0.151553 0.601305 0.526956
v -0.146528 0.686241 0.467989
v -0.113945 0.623132 0.517274
v 0.009217 0.695998 0.492335
v 0.009217 0.639522 0.525464
v 0.132378 0.623132 0.517274
v 0.113451 0.581737 0.559291
v 0.141628 0.611455 0.523269
v 0.170274 0.632715 0.488833
v 0.164961 0.686241 0.467989
v 0.171671 0.619052 0.500721
v 0.203544 0.605818 0.487648
v 0.175766 0.608031 0.506186
v 0.163976 0.587559 0.492380
v 0.142192 0.580140 0.509985
v 0.130383 0.561593 0.528854
v 0.131714 0.536887 0.543933
v 0.145828 0.512643 0.551182
v -0.039482 0.451729 0.773532
v -0.059818 0.427556 0.838117
v -0.020170 0.440585 0.838331
v 0.009217 0.458093 0.773974
v 0.009217 0.481212 0.690277
v -0.060711 0.464230 0.690925
v 0.009217 0.511582 0.630123
v 0.079145 0.464230 0.690925
v 0.057915 0.451729 0.773532
v 0.038604 0.440585 0.838331
v 0.009217 0.449874 0.837402
v 0.078251 0.427556 0.838117
v -0.057154 0.404264 0.839854
v -0.086390 0.425883 0.777925
v -0.119314 0.433143 0.692271
v -0.086331 0.487147 0.621948
v -0.100478 0.543577 0.577490
v 0.009217 0.544947 0.590430
v -0.095018 0.581737 0.559291
v 0.009217 0.583786 0.561139
v 0.104823 0.425883 0.777925
v 0.075587 0.404264 0.839854
v 0.085136 0.336724 0.787811
v 0.104552 0.393770 0.781665
v 0.060417 0.284109 0.726482
v 0.038101 0.306009 0.789014
v 0.009217 0.326080 0.842236
v 0.075905 0.268305 0.680519
v 0.009217 0.278359 0.733285
v 0.009217 0.301125 0.790420
v -0.019668 0.306009 0.789014
v -0.066702 0.336724 0.787811
v -0.086119 0.393770 0.781665
v -0.131253 0.386187 0.694082
v -0.041984 0.284109 0.726482
v -0.099763 0.315849 0.708812
v 0.009217 0.266993 0.699292
v -0.057472 0.268305 0.680519
v -0.138646 0.291730 0.609418
v -0.166707 0.322005 0.615589
v -0.179042 0.387569 0.618915
v -0.151436 0.449089 0.625534
v -0.205279 0.303759 0.520946
v -0.261051 0.325684 0.440623
v -0.218791 0.331269 0.522297
v -0.270749 0.354512 0.439194
v -0.240291 0.404861 0.522871
v -0.285745 0.429766 0.437854
v -0.273390 0.507546 0.443302
v -0.327050 0.549318 0.315621
v -0.310314 0.381387 0.366075
v -0.287145 0.342727 0.385277
v -0.336038 0.465724 0.275885
v -0.332426 0.394088 0.263887
v -0.322314 0.296849 0.270267
v -0.284706 0.299821 0.348037
v -0.281482 0.224533 0.285985
v -0.240889 0.238784 0.347527
v -0.265126 0.305075 0.387469
v -0.233184 0.283053 0.423378
v -0.186399 0.261021 0.493499
v 0.009217 0.168810 0.497514
v -0.109029 0.200891 0.496091
v -0.170883 0.192936 0.345946
v -0.218316 0.238274 0.397183
v -0.174079 0.237275 0.494491
v -0.132753 0.249845 0.569104
v -0.121661 0.229089 0.558713
v -0.061151 0.240344 0.636267
v -0.079255 0.219158 0.588731
v 0.009217 0.192629 0.598486
v 0.127462 0.200891 0.496091
v 0.009217 0.230156 0.658136
v 0.079584 0.240344 0.636267
v 0.097688 0.219158 0.588731
v 0.140094 0.229089 0.558713
v 0.192513 0.237275 0.494491
v 0.236749 0.238274 0.397183
v 0.204833 0.261021 0.493499
v 0.251617 0.283053 0.423378
v 0.151186 0.249845 0.569104
v 0.283559 0.305075 0.387469
v 0.303139 0.299821 0.348037
v 0.300972 0.224533 0.285985
v 0.259322 0.238784 0.347527
v 0.189317 0.192936 0.345946
v 0.009217 0.158381 0.346831
v -0.121426 0.551150 0.566963
v -0.112517 0.548385 0.571007
v -0.118379 0.577191 0.555381
v -0.108189 0.578638 0.556579
v -0.133120 0.601305 0.526956
v -0.129486 0.517714 0.575271
v -0.135129 0.521560 0.572462
v -0.157103 0.494793 0.569358
v -0.151890 0.497686 0.561619
v -0.181334 0.490900 0.546691
v -0.187709 0.488567 0.555841
v -0.209060 0.500902 0.527834
v -0.214856 0.496025 0.531728
v -0.229819 0.519499 0.507875
v -0.248439 0.507141 0.497856
v -0.228191 0.550780 0.488843
v -0.121881 0.504889 0.587284
v -0.156717 0.475976 0.582053
v -0.200184 0.468123 0.558360
v -0.229566 0.477530 0.527944
v -0.246387 0.546598 0.473850
v -0.263296 0.647324 0.398671
v -0.228092 0.587286 0.465662
v -0.192045 0.616021 0.472342
v -0.151841 0.632715 0.488833
v -0.123195 0.611455 0.523269
v -0.153237 0.619052 0.500721
v -0.185111 0.605818 0.487648
v -0.213688 0.583037 0.482352
v -0.221248 0.549466 0.489524
v -0.209091 0.580170 0.485986
v -0.181664 0.601141 0.490431
v -0.157333 0.608031 0.506186
v -0.221420 0.520356 0.505365
v -0.206201 0.518126 0.498696
v -0.204870 0.542831 0.483617
v -0.194581 0.564576 0.478234
v -0.171466 0.581862 0.480759
v -0.145543 0.587559 0.492380
v -0.123759 0.580140 0.509985
v -0.111950 0.561593 0.528854
v -0.194392 0.499579 0.517565
v -0.172607 0.492160 0.535169
v -0.146684 0.497857 0.546791
v -0.127394 0.512643 0.551182
v -0.113281 0.536887 0.543933
v 0.166468 0.750205 0.447297
v 0.337631 0.737111 0.328102
v 0.391383 0.660116 0.204018
v 0.400050 0.506993 0.141963
v 0.389962 0.388065 0.145821
v 0.010273 0.749999 0.478620
v -0.146979 0.750205 0.447297
v -0.318142 0.737111 0.328102
v -0.371894 0.660116 0.204018
v -0.379504 0.506993 0.141963
v -0.370473 0.388065 0.145821
v 0.211265 0.186312 0.296650
v 0.137665 0.173349 0.275800
v 0.009217 0.161852 0.284194
v -0.118175 0.173349 0.275800
v -0.191775 0.186312 0.296650
v -0.207282 0.492378 0.521924
v -0.181525 0.484422 0.544183
v -0.187171 0.495366 0.550670
v -0.151439 0.492777 0.559906
v -0.160427 0.502793 0.564647
v -0.191256 0.507355 0.555202
v -0.168556 0.513659 0.567066
v -0.167700 0.518257 0.526809
v -0.155665 0.521599 0.533099
v -0.125086 0.515203 0.564881
v -0.137000 0.522729 0.569070
v -0.148673 0.530580 0.570819
v -0.145123 0.530571 0.535089
v -0.109527 0.545692 0.557774
v -0.123169 0.549832 0.562752
v -0.136933 0.553584 0.565457
v -0.138899 0.542767 0.532246
v -0.122639 0.576840 0.547387
v -0.136483 0.576507 0.552416
v -0.178003 0.521440 0.517905
v -0.138660 0.554921 0.525332
v -0.221212 0.544894 0.481809
v -0.222451 0.549123 0.495222
v -0.205652 0.575383 0.474702
v -0.208619 0.576226 0.488905
v -0.179299 0.597809 0.479676
v -0.185193 0.596161 0.493327
v -0.149213 0.606164 0.495400
v -0.158448 0.603588 0.507304
v -0.123457 0.598208 0.517659
v -0.135552 0.596516 0.527092
v -0.147443 0.593208 0.535190
v -0.144471 0.563775 0.516199
v -0.166877 0.599211 0.518395
v -0.189577 0.592907 0.506531
v -0.209461 0.575986 0.502778
v -0.221200 0.552982 0.508140
v -0.221650 0.530058 0.521181
v -0.222981 0.522115 0.510588
v -0.210068 0.502438 0.530883
v -0.154775 0.566957 0.507295
v -0.166810 0.563616 0.501005
v -0.177352 0.554644 0.499015
v -0.183576 0.542448 0.501858
v -0.183814 0.530294 0.508772
v -0.210690 0.513358 0.538407
v -0.221808 0.514512 0.499093
v 0.162904 0.563775 0.516199
v 0.154916 0.576507 0.552416
v 0.157093 0.554921 0.525332
v 0.141072 0.576840 0.547387
v 0.165876 0.593208 0.535190
v 0.169872 0.492777 0.559906
v 0.178860 0.502793 0.564647
v 0.143519 0.515203 0.564881
v 0.155433 0.522729 0.569070
v 0.127960 0.545692 0.557774
v 0.141602 0.549832 0.562752
v 0.155366 0.553584 0.565457
v 0.157332 0.542767 0.532246
v 0.186990 0.513659 0.567066
v 0.167106 0.530580 0.570819
v 0.174098 0.521599 0.533099
v 0.163556 0.530571 0.535089
v 0.205605 0.495366 0.550670
v 0.209690 0.507355 0.555202
v 0.186133 0.518257 0.526809
v 0.240241 0.514512 0.499093
v 0.241414 0.522115 0.510588
v 0.225715 0.492378 0.521924
v 0.228501 0.502438 0.530883
v 0.229123 0.513358 0.538407
v 0.196437 0.521440 0.517905
v 0.240084 0.530058 0.521181
v 0.202248 0.530294 0.508772
v 0.202009 0.542448 0.501858
v 0.239633 0.552982 0.508140
v 0.240884 0.549123 0.495222
v 0.239645 0.544894 0.481809
v 0.224085 0.575383 0.474702
v 0.227052 0.576226 0.488905
v 0.227894 0.575986 0.502778
v 0.195785 0.554644 0.499015
v 0.197732 0.597809 0.479676
v 0.203626 0.596161 0.493327
v 0.208010 0.592907 0.506531
v 0.185243 0.563616 0.501005
v 0.167647 0.606164 0.495400
v 0.176881 0.603588 0.507304
v 0.185310 0.599211 0.518395
v 0.173208 0.566957 0.507295
v 0.141890 0.598208 0.517659
v 0.153985 0.596516 0.527092
v 0.127363 0.576074 0.540490
v -0.108930 0.576074 0.540490
v 0.199958 0.484422 0.544183
v -0.350114 0.297370 0.160298
v -0.335449 0.221809 0.185588
v -0.348483 0.234160 0.045736
v -0.359066 0.294061 0.051654
v -0.393424 0.389864 -0.110544
v -0.415181 0.546132 -0.107785
v -0.379092 0.386479 -0.307979
v -0.381979 0.544966 -0.343907
v -0.369342 0.382789 -0.362342
v -0.317319 0.539349 -0.489356
v -0.310409 0.379460 -0.472661
v -0.185916 0.537527 -0.526493
v -0.213113 0.378734 -0.495742
v -0.368720 0.288314 -0.292714
v -0.357866 0.292423 -0.374953
v -0.316092 0.294380 -0.457968
v -0.235749 0.292834 -0.480187
v -0.120332 0.285267 -0.485252
v 0.010273 0.372625 -0.521719
v 0.010273 0.275734 -0.484524
v 0.140878 0.285267 -0.485252
v 0.185083 0.220393 -0.457718
v 0.056729 0.225463 -0.450871
v -0.337043 0.236489 -0.111003
v -0.374600 0.290373 -0.111910
v -0.342303 0.225992 -0.283617
v -0.350163 0.228203 -0.385765
v -0.318762 0.227614 -0.447917
v -0.255827 0.226493 -0.469145
v -0.164537 0.220393 -0.457718
v -0.036183 0.225463 -0.450871
v 0.010273 0.225052 -0.451257
v -0.274751 0.191575 -0.317664
v -0.269339 0.208335 -0.278229
v -0.330224 0.192597 -0.336811
v -0.343944 0.191691 -0.395310
v -0.317547 0.190402 -0.444260
v -0.262333 0.189650 -0.464197
v -0.208678 0.189182 -0.445652
v -0.217318 0.190517 -0.339576
v -0.130737 0.199028 -0.271951
v -0.192724 0.181673 -0.392558
v -0.120799 0.198668 -0.380903
v 0.010273 0.189896 -0.375053
v 0.141345 0.198668 -0.380903
v 0.229224 0.189182 -0.445652
v 0.213270 0.181673 -0.392558
v 0.151283 0.199028 -0.271951
v 0.010273 0.190057 -0.274294
v 0.010273 0.183598 -0.107872
v 0.159167 0.198043 -0.109297
v 0.237863 0.190517 -0.339576
v 0.289885 0.208335 -0.278229
v 0.295297 0.191575 -0.317664
v 0.350770 0.192597 -0.336811
v 0.362849 0.225992 -0.283617
v 0.364490 0.191691 -0.395310
v 0.370709 0.228203 -0.385765
v 0.338093 0.190402 -0.444260
v 0.339308 0.227614 -0.447917
v 0.276373 0.226493 -0.469145
v 0.282879 0.189650 -0.464197
v 0.293044 0.223229 -0.110703
v 0.357589 0.236489 -0.111003
v 0.395145 0.290373 -0.111910
v 0.389266 0.288314 -0.292714
v 0.378412 0.292423 -0.374953
v 0.336638 0.294380 -0.457968
v 0.256295 0.292834 -0.480187
v 0.151054 0.194998 0.060656
v 0.300095 0.221641 0.042956
v 0.369029 0.234160 0.045736
v 0.379612 0.294061 0.051654
v 0.413970 0.389864 -0.110544
v 0.399637 0.386479 -0.307979
v 0.389888 0.382789 -0.362342
v 0.330955 0.379460 -0.472661
v 0.233659 0.378734 -0.495742
v 0.206462 0.537527 -0.526493
v 0.337865 0.539349 -0.489356
v 0.402525 0.544966 -0.343907
v 0.435727 0.546132 -0.107785
v 0.010273 0.536075 -0.554435
v 0.197249 0.713111 -0.565681
v 0.349495 0.716463 -0.509917
v 0.427501 0.723684 -0.340915
v 0.455330 0.730540 -0.113348
v 0.422167 0.736969 0.133043
v -0.176703 0.713111 -0.565681
v 0.010273 0.711809 -0.587778
v 0.010273 0.876326 -0.626911
v -0.190027 0.877660 -0.597500
v -0.328950 0.716463 -0.509917
v -0.347703 0.881326 -0.518811
v -0.406955 0.723684 -0.340915
v -0.438913 0.888815 -0.343183
v -0.434784 0.730540 -0.113348
v -0.459116 0.892535 -0.122085
v -0.424017 0.897568 0.119302
v -0.401621 0.736969 0.133043
v -0.330318 0.892183 0.304724
v -0.162350 0.884211 0.421334
v -0.183104 1.066212 0.408222
v 0.010273 1.059566 0.449617
v 0.010273 1.294647 0.467780
v -0.200444 1.303897 0.428373
v 0.010273 1.546993 0.473728
v -0.202520 1.549095 0.433688
v -0.196858 1.777052 0.401826
v 0.010273 1.777388 0.440540
v 0.010273 1.975926 0.368754
v -0.181009 1.972707 0.334698
v 0.010273 2.132897 0.265646
v 0.217404 1.777052 0.401826
v 0.223066 1.549095 0.433688
v 0.220990 1.303897 0.428373
v 0.203650 1.066212 0.408222
v 0.385711 1.315892 0.309556
v 0.397264 1.552601 0.311841
v 0.390200 1.775407 0.284734
v 0.361942 1.967068 0.230542
v 0.201555 1.972707 0.334698
v 0.314478 2.112910 0.159245
v 0.177581 2.124586 0.240194
v 0.514474 1.549899 0.113294
v 0.505370 1.769944 0.094833
v 0.467001 1.962637 0.059972
v 0.399206 2.115144 0.017018
v 0.300346 2.222864 -0.015783
v 0.265734 2.197648 0.094973
v 0.166294 2.286885 -0.020500
v 0.320170 2.231228 -0.170692
v 0.564559 1.546058 -0.127183
v 0.434152 1.551003 -0.566683
v 0.422286 1.754425 -0.554460
v 0.245129 1.553757 -0.690246
v 0.239357 1.356384 -0.683031
v 0.010273 1.554877 -0.731442
v 0.010273 1.359916 -0.723491
v -0.218811 1.356384 -0.683031
v 0.387013 1.938958 -0.523298
v 0.238071 1.753017 -0.672329
v 0.010273 1.752820 -0.711585
v -0.217526 1.753017 -0.672329
v -0.197832 1.937652 -0.628102
v -0.366467 1.938958 -0.523298
v -0.311984 2.085968 -0.475574
v -0.169380 2.090821 -0.558167
v -0.257601 2.175002 -0.427574
v 0.010273 1.938738 -0.662735
v 0.218378 1.937652 -0.628102
v 0.332530 2.085968 -0.475574
v 0.189926 2.090821 -0.558167
v 0.278147 2.175002 -0.427574
v 0.168384 2.203585 -0.460628
v 0.010273 2.096969 -0.585052
v 0.010273 2.217971 -0.476603
v -0.147838 2.203585 -0.460628
v -0.401740 1.754425 -0.554460
v -0.503996 1.337197 -0.365735
v -0.413606 1.551003 -0.566683
v -0.402189 1.346877 -0.561693
v -0.224583 1.553757 -0.690246
v -0.472394 1.095156 -0.352402
v -0.376791 1.096420 -0.533227
v -0.205324 1.099947 -0.642111
v 0.010273 1.101147 -0.678390
v 0.210573 0.877660 -0.597500
v -0.492449 1.086887 -0.127904
v -0.444765 1.076570 0.110808
v -0.525668 1.328409 -0.126390
v -0.476514 1.323058 0.113789
v 0.225869 1.099947 -0.642111
v 0.368249 0.881326 -0.518811
v 0.459459 0.888815 -0.343183
v 0.479662 0.892535 -0.122085
v 0.512995 1.086887 -0.127904
v 0.492940 1.095156 -0.352402
v 0.397337 1.096420 -0.533227
v 0.444563 0.897568 0.119302
v 0.465311 1.076570 0.110808
v 0.546214 1.328409 -0.126390
v 0.524542 1.337197 -0.365735
v 0.422735 1.346877 -0.561693
v 0.497060 1.323058 0.113789
v 0.366821 1.071915 0.299576
v 0.350864 0.892183 0.304724
v 0.182896 0.884211 0.421334
v 0.010273 0.877696 0.458492
v -0.157035 2.124586 0.240194
v -0.245188 2.197648 0.094973
v -0.293932 2.112910 0.159245
v -0.139838 2.228843 0.122181
v 0.010273 2.244485 0.135218
v 0.160384 2.228843 0.122181
v -0.341397 1.967068 0.230542
v -0.369654 1.775407 0.284734
v -0.376718 1.552601 0.311841
v -0.365165 1.315892 0.309556
v -0.346275 1.071915 0.299576
v -0.493928 1.549899 0.113294
v -0.484824 1.769944 0.094833
v -0.446455 1.962637 0.059972
v -0.378660 2.115144 0.017018
v -0.279800 2.222864 -0.015783
v -0.145748 2.286885 -0.020500
v -0.299624 2.231228 -0.170692
v -0.544013 1.546058 -0.127183
v -0.532642 1.763045 -0.134817
v -0.488516 1.956722 -0.146782
v -0.411496 2.114857 -0.159678
v -0.391069 2.100174 -0.334957
v -0.463794 1.947004 -0.353093
v -0.507230 1.757699 -0.364382
v -0.520113 1.547207 -0.367591
v -0.287801 2.209565 -0.322664
v -0.149847 2.273452 -0.330458
v 0.170393 2.273452 -0.330458
v 0.010273 2.294884 -0.337721
v 0.308347 2.209565 -0.322664
v -0.153993 2.301823 -0.177597
v 0.010273 2.325460 -0.179909
v 0.174539 2.301823 -0.177597
v 0.010273 2.308762 -0.017473
v 0.281680 0.029954 0.187062
v 0.285430 0.082153 0.162071
v 0.320221 0.086014 0.180677
v 0.253974 -0.000598 0.216541
v 0.247723 0.028479 0.197314
v 0.244033 -0.002863 0.242697
v 0.228323 0.030416 0.231313
v 0.219119 0.078819 0.216388
v 0.243115 0.079067 0.175308
v 0.208729 0.145661 0.199018
v 0.238679 0.150216 0.150534
v 0.290959 0.152901 0.132526
v 0.333674 0.152793 0.152309
v 0.195441 0.174573 0.199878
v 0.231820 0.193603 0.143419
v 0.294678 0.179758 0.118347
v 0.343740 0.181282 0.135297
v 0.345579 0.181607 0.193817
v 0.338118 0.149900 0.204602
v 0.309902 0.181394 0.255727
v 0.307274 0.145851 0.255372
v 0.255888 0.142660 0.271094
v 0.248206 0.175825 0.275893
v 0.214067 0.142262 0.249025
v 0.200445 0.176606 0.252817
v 0.324154 0.088326 0.224515
v 0.299441 0.088044 0.266137
v 0.257842 0.084991 0.278832
v 0.223768 0.081165 0.259684
v 0.231684 0.036140 0.266897
v 0.259052 0.040592 0.282631
v 0.292582 0.043182 0.272164
v 0.312409 0.040129 0.238381
v 0.309525 0.035593 0.202356
v 0.295103 0.003478 0.247116
v 0.297350 0.004728 0.220231
v 0.269298 -0.011945 0.248401
v 0.276696 -0.005000 0.215374
v 0.242264 0.007584 0.266225
v 0.262440 0.005616 0.274439
v 0.285195 0.012872 0.269971
v 0.293542 0.085326 -0.461094
v 0.290379 0.145599 -0.462523
v 0.336571 0.145259 -0.445037
v 0.293695 0.038488 -0.457726
v 0.332264 0.083626 -0.444967
v 0.357932 0.145303 -0.402932
v 0.246842 0.146198 -0.446779
v 0.232560 0.146727 -0.402908
v 0.242737 0.084810 -0.412091
v 0.256122 0.085883 -0.448938
v 0.249646 0.037618 -0.416187
v 0.252471 0.146899 -0.358325
v 0.258365 0.082875 -0.373688
v 0.262663 0.035925 -0.383026
v 0.270514 0.006627 -0.392861
v 0.264945 0.002416 -0.417374
v 0.293959 -0.010860 -0.416121
v 0.269497 0.009446 -0.440566
v 0.293381 0.003023 -0.444087
v 0.261429 0.039558 -0.447679
v 0.317917 0.007640 -0.437391
v 0.326831 0.037193 -0.443538
v 0.349119 0.081650 -0.406388
v 0.345100 0.145933 -0.356263
v 0.336961 0.080535 -0.369365
v 0.300113 0.146545 -0.340679
v 0.298313 0.081133 -0.357385
v 0.330078 0.033477 -0.378574
v 0.296771 0.033444 -0.368748
v 0.320352 0.004298 -0.389718
v 0.295251 -0.000386 -0.386749
v 0.323911 -0.000096 -0.413597
v 0.340821 0.034314 -0.410288
v -0.316025 0.145259 -0.445037
v -0.269833 0.145599 -0.462523
v -0.272996 0.085326 -0.461094
v -0.273149 0.038488 -0.457726
v -0.311718 0.083626 -0.444967
v -0.337386 0.145303 -0.402932
v -0.226296 0.146198 -0.446779
v -0.240883 0.039558 -0.447679
v -0.272835 0.003023 -0.444087
v -0.248951 0.009446 -0.440566
v -0.273413 -0.010860 -0.416121
v -0.244399 0.002416 -0.417374
v -0.249969 0.006627 -0.392861
v -0.229100 0.037618 -0.416187
v -0.242117 0.035925 -0.383026
v -0.222191 0.084810 -0.412091
v -0.237819 0.082875 -0.373688
v -0.212014 0.146727 -0.402908
v -0.231925 0.146899 -0.358325
v -0.235576 0.085883 -0.448938
v -0.297371 0.007640 -0.437391
v -0.306285 0.037193 -0.443538
v -0.328573 0.081650 -0.406388
v -0.324554 0.145933 -0.356263
v -0.316415 0.080535 -0.369365
v -0.279567 0.146545 -0.340679
v -0.277767 0.081133 -0.357385
v -0.309532 0.033477 -0.378574
v -0.276225 0.033444 -0.368748
v -0.299806 0.004298 -0.389718
v -0.274706 -0.000386 -0.386749
v -0.303365 -0.000096 -0.413597
v -0.320275 0.034314 -0.410288
v 0.299788 0.208581 0.085353
v 0.352653 0.208959 0.104902
v 0.355995 0.221809 0.185588
v 0.138588 0.182996 0.204593
v 0.010273 0.177640 0.063613
v 0.010273 0.166581 0.204680
v -0.118042 0.182996 0.204593
v -0.130508 0.194998 0.060656
v -0.325033 0.181607 0.193817
v -0.289356 0.181394 0.255727
v -0.227660 0.175825 0.275893
v -0.179899 0.176606 0.252817
v -0.174895 0.174573 0.199878
v -0.211275 0.193603 0.143419
v -0.323194 0.181282 0.135297
v -0.332107 0.208959 0.104902
v -0.279550 0.221641 0.042956
v -0.279242 0.208581 0.085353
v -0.274132 0.179758 0.118347
v -0.272499 0.223229 -0.110703
v -0.138621 0.198043 -0.109297
v -0.256150 -0.005000 0.215374
v -0.248752 -0.011945 0.248401
v -0.276804 0.004728 0.220231
v -0.274557 0.003478 0.247116
v -0.288979 0.035593 0.202356
v -0.193521 0.142262 0.249025
v -0.235343 0.142660 0.271094
v -0.203222 0.081165 0.259684
v -0.237296 0.084991 0.278832
v -0.211138 0.036140 0.266897
v -0.238506 0.040592 0.282631
v -0.221718 0.007584 0.266225
v -0.241894 0.005616 0.274439
v -0.264649 0.012872 0.269971
v -0.291863 0.040129 0.238381
v -0.303608 0.088326 0.224515
v -0.278895 0.088044 0.266137
v -0.272036 0.043182 0.272164
v -0.299675 0.086014 0.180677
v -0.317572 0.149900 0.204602
v -0.313128 0.152793 0.152309
v -0.286728 0.145851 0.255372
v -0.270413 0.152901 0.132526
v -0.218133 0.150216 0.150534
v -0.188183 0.145661 0.199018
v -0.198573 0.078819 0.216388
v -0.207777 0.030416 0.231313
v -0.223487 -0.002863 0.242697
v -0.222569 0.079067 0.175308
v -0.264884 0.082153 0.162071
v -0.261134 0.029954 0.187062
v -0.233429 -0.000598 0.216541
v -0.227177 0.028479 0.197314
v 0.370660 0.297370 0.160298
vt 0.5001 -0.2496
vt 0.5001 -0.0236
vt 0.2619 -0.0875
vt 0.7384 -0.0875
vt 0.6254 -0.2832
vt 0.9128 -0.2619
vt 0.7171 -0.3749
vt 0.5001 -0.5001
vt 0.3749 -0.2832
vt 0.0875 -0.2619
vt 0.2832 -0.3749
vt 0.7506 -0.5001
vt 0.0236 -0.5001
vt 0.2496 -0.5001
vt 0.2832 -0.6254
vt 0.3749 -0.7171
vt 0.2619 -0.9128
vt 0.5001 -0.9766
vt 0.9766 -0.5001
vt 0.7171 -0.6254
vt 0.6254 -0.7171
vt 0.5001 -0.7507
vt 0.7384 -0.9128
vt 0.0875 -0.7384
vt 0.9128 -0.7384
vt 0.7171 -0.3749
vt 0.5001 -0.5001
vt 0.6254 -0.2832
vt 0.5001 -0.2496
vt 0.9128 -0.2619
vt 0.7384 -0.0875
vt 0.5001 -0.0236
vt 0.2619 -0.0875
vt 0.3749 -0.2832
vt 0.0875 -0.2619
vt 0.2832 -0.3749
vt 0.0236 -0.5001
vt 0.2496 -0.5001
vt 0.0875 -0.7384
vt 0.2832 -0.6254
vt 0.2619 -0.9128
vt 0.3749 -0.7171
vt 0.5001 -0.7507
vt 0.5001 -0.9766
vt 0.7384 -0.9128
vt 0.6254 -0.7171
vt 0.9128 -0.7384
vt 0.7171 -0.6254
vt 0.9766 -0.5001
vt 0.7506 -0.5001
vt 0.1554 -0.0740
vt 0.1686 -0.0740
vt 0.1554 -0.0582
vt 0.1686 -0.0582
vt 0.1554 -0.0424
vt 0.1686 -0.0424
vt 0.1554 -0.0266
vt 0.1686 -0.0266
vt 0.1554 -0.0107
vt 0.1686 -0.0107
vt 0.1422 -0.0740
vt 0.1422 -0.0582
vt 0.1422 -0.0424
vt 0.1422 -0.0266
vt 0.1422 -0.0107
vt 0.1291 -0.0740
vt 0.1291 -0.0582
vt 0.1291 -0.0424
vt 0.1291 -0.0266
vt 0.1291 -0.0107
vt 0.1159 -0.0740
vt 0.1159 -0.0582
vt 0.1159 -0.0424
vt 0.1159 -0.0266
vt 0.1159 -0.0107
vt 0.1027 -0.0740
vt 0.1027 -0.0582
vt 0.1027 -0.0424
vt 0.1027 -0.0266
vt 0.1027 -0.0107
vt 0.0895 -0.0740
vt 0.0895 -0.0582
vt 0.0895 -0.0424
vt 0.0895 -0.0266
vt 0.0895 -0.0107
vt 0.0763 -0.0740
vt 0.0763 -0.0582
vt 0.0763 -0.0424
vt 0.0763 -0.0266
vt 0.0763 -0.0107
vt 0.0632 -0.0740
vt 0.0632 -0.0582
vt 0.0632 -0.0424
vt 0.0632 -0.0266
vt 0.0632 -0.0107
vt 0.0500 -0.0740
vt 0.0500 -0.0582
vt 0.0500 -0.0424
vt 0.0500 -0.0266
vt 0.0500 -0.0107
vt 0.0368 -0.0740
vt 0.0368 -0.0582
vt 0.0368 -0.0424
vt 0.0368 -0.0266
vt 0.0368 -0.0107
vt 0.0236 -0.0740
vt 0.0236 -0.0582
vt 0.0236 -0.0424
vt 0.0236 -0.0266
vt 0.0236 -0.0107
vt 0.0104 -0.0740
vt 0.0104 -0.0582
vt 0.0104 -0.0424
vt 0.0104 -0.0266
vt 0.0104 -0.0107
vt 0.1027 -0.0266
vt 0.1027 -0.0107
vt 0.1159 -0.0266
vt 0.1159 -0.0107
vt 0.1291 -0.0266
vt 0.1291 -0.0107
vt 0.1422 -0.0266
vt 0.1422 -0.0107
vt 0.1554 -0.0266
vt 0.1554 -0.0107
vt 0.1686 -0.0266
vt 0.1686 -0.0107
vt 0.1027 -0.0424
vt 0.1159 -0.0424
vt 0.1291 -0.0424
vt 0.1422 -0.0424
vt 0.1554 -0.0424
vt 0.1686 -0.0424
vt 0.1027 -0.0582
vt 0.1159 -0.0582
vt 0.1291 -0.0582
vt 0.1422 -0.0582
vt 0.1554 -0.0582
vt 0.1686 -0.0582
vt 0.1027 -0.0740
vt 0.1159 -0.0740
vt 0.1291 -0.0740
vt 0.1422 -0.0740
vt 0.1554 -0.0740
vt 0.1686 -0.0740
vt 0.0895 -0.0582
vt 0.0895 -0.0740
vt 0.0763 -0.0582
vt 0.0763 -0.0740
vt 0.0632 -0.0582
vt 0.0632 -0.0740
vt 0.0500 -0.0582
vt 0.0500 -0.0740
vt 0.0368 -0.0582
vt 0.0368 -0.0740
vt 0.0236 -0.0582
vt 0.0236 -0.0740
vt 0.0104 -0.0582
vt 0.0104 -0.0740
vt 0.0104 -0.0424
vt 0.0236 -0.0424
vt 0.0368 -0.0424
vt 0.0500 -0.0424
vt 0.0632 -0.0424
vt 0.0763 -0.0424
vt 0.0895 -0.0424
vt 0.0104 -0.0266
vt 0.0236 -0.0266
vt 0.0368 -0.0266
vt 0.0500 -0.0266
vt 0.0632 -0.0266
vt 0.0763 -0.0266
vt 0.0895 -0.0266
vt 0.0104 -0.0107
vt 0.0236 -0.0107
vt 0.0368 -0.0107
vt 0.0500 -0.0107
vt 0.0632 -0.0107
vt 0.0763 -0.0107
vt 0.0895 -0.0107
vt 0.2527 0.6886
vt 0.1848 0.6339
vt 0.1859 0.6904
vt 0.2525 0.7378
vt 0.1841 0.7407
vt 0.1930 0.7996
vt 0.2525 0.7979
vt 0.4512 -0.7806
vt 0.4837 -0.7668
vt 0.4694 -0.7552
vt 0.4837 -0.7668
vt 0.4694 -0.7552
vt 0.8786 -0.3704
vt 0.9205 -0.3530
vt 0.8786 -0.3508
vt 0.9364 -0.3120
vt 0.8786 -0.3090
vt 0.9384 -0.2945
vt 0.9088 -0.2848
vt 0.8786 -0.2779
vt 0.9088 -0.2848
vt 0.9384 -0.2945
vt 0.9364 -0.3120
vt 0.9205 -0.3530
vt 0.9302 0.2621
vt 0.9874 0.3120
vt 0.9701 0.3652
vt 0.7741 0.2001
vt 0.8443 0.2245
vt 0.8329 0.2529
vt 0.8866 0.2408
vt 0.8815 0.2739
vt 0.8888 0.3268
vt 0.9758 0.4511
vt 0.8414 0.3674
vt 0.9170 0.4768
vt 0.8310 0.2999
vt 0.6896 0.1819
vt 0.6856 0.2128
vt 0.7695 0.2316
vt 0.7601 0.2811
vt 0.7831 0.3585
vt 0.8185 0.4274
vt 0.7822 0.4510
vt 0.8141 0.5539
vt 0.8141 0.5538
vt 0.7789 0.4837
vt 0.7567 0.5046
vt 0.7672 0.4725
vt 0.6830 0.2631
vt 0.7204 0.3462
vt 0.6063 0.2369
vt 0.6134 0.3163
vt 0.6072 0.3563
vt 0.6871 0.3868
vt 0.6384 0.4360
vt 0.7741 0.4503
vt 0.7742 0.4501
vt 0.7650 0.4709
vt 0.7480 0.4888
vt 0.7483 0.4820
vt 0.7622 0.4661
vt 0.7648 0.4495
vt 0.7700 0.4513
vt 0.7651 0.4339
vt 0.7825 0.4222
vt 0.7709 0.4306
vt 0.7682 0.4321
vt 0.7540 0.4158
vt 0.7520 0.4187
vt 0.7305 0.4094
vt 0.7306 0.4127
vt 0.7064 0.4129
vt 0.7076 0.4157
vt 0.6880 0.4299
vt 0.7554 0.4129
vt 0.7661 0.3982
vt 0.7240 0.3915
vt 0.7304 0.4061
vt 0.7001 0.3992
vt 0.7049 0.4099
vt 0.6742 0.4230
vt 0.6851 0.4295
vt 0.6847 0.4539
vt 0.6718 0.4555
vt 0.6741 0.4544
vt 0.6887 0.4688
vt 0.6762 0.4765
vt 0.7038 0.4892
vt 0.7311 0.5700
vt 0.6750 0.5045
vt 0.6607 0.5834
vt 0.6352 0.5330
vt 0.6750 0.5045
vt 0.6647 0.4822
vt 0.6998 0.4940
vt 0.7235 0.5135
vt 0.7311 0.5700
vt 0.7243 0.5005
vt 0.7491 0.4916
vt 0.7312 0.5700
vt 0.7271 0.4902
vt 0.7280 0.4846
vt 0.7086 0.4815
vt 0.6954 0.4672
vt 0.6888 0.4533
vt 0.6925 0.4308
vt 0.5251 0.3744
vt 0.4800 0.3373
vt 0.4710 0.3574
vt 0.5062 0.4011
vt 0.5502 0.4341
vt 0.5825 0.3943
vt 0.5831 0.4810
vt 0.5825 0.3943
vt 0.5251 0.3744
vt 0.4710 0.3574
vt 0.4583 0.3721
vt 0.4479 0.3655
vt 0.4584 0.3507
vt 0.4661 0.3339
vt 0.4629 0.3157
vt 0.4584 0.3507
vt 0.4800 0.3373
vt 0.4661 0.3339
vt 0.4629 0.3157
vt 0.4686 0.2681
vt 0.4541 0.2806
vt 0.4744 0.3149
vt 0.5384 0.3440
vt 0.6072 0.3563
vt 0.6384 0.4360
vt 0.6718 0.4555
vt 0.5987 0.4881
vt 0.6647 0.4822
vt 0.6178 0.5103
vt 0.5384 0.3440
vt 0.4744 0.3149
vt 0.4686 0.2681
vt 0.4541 0.2806
vt 0.5267 0.2560
vt 0.5317 0.3133
vt 0.5823 0.1965
vt 0.5062 0.2205
vt 0.4485 0.2365
vt 0.4350 0.2568
vt 0.6159 0.1748
vt 0.5456 0.1551
vt 0.4937 0.2011
vt 0.5062 0.2205
vt 0.5267 0.2560
vt 0.5317 0.3133
vt 0.6134 0.3163
vt 0.5823 0.1965
vt 0.6063 0.2369
vt 0.6361 0.1573
vt 0.5819 0.1368
vt 0.6159 0.1748
vt 0.6856 0.2128
vt 0.6830 0.2631
vt 0.7204 0.3462
vt 0.6871 0.3868
vt 0.5944 0.1215
vt 0.6361 0.1573
vt 0.6896 0.1819
vt 0.7741 0.2001
vt 0.7695 0.2316
vt 0.8329 0.2529
vt 0.7601 0.2811
vt 0.8310 0.2999
vt 0.7831 0.3585
vt 0.8414 0.3674
vt 0.8185 0.4274
vt 0.9170 0.4768
vt 0.8888 0.3268
vt 0.8815 0.2739
vt 0.8866 0.2408
vt 0.8443 0.2245
vt 0.9302 0.2621
vt 0.9758 0.4511
vt 0.9701 0.3652
vt 0.9874 0.3120
vt 0.9283 0.2294
vt 0.9783 0.2462
vt 0.9132 0.2086
vt 0.8971 0.2251
vt 0.8663 0.2022
vt 0.8525 0.2196
vt 0.7821 0.1949
vt 0.7900 0.1770
vt 0.7010 0.1792
vt 0.8871 0.2367
vt 0.7932 0.0126
vt 0.7857 0.1253
vt 0.8968 0.1423
vt 0.8801 0.1847
vt 0.7948 0.1569
vt 0.7269 0.1636
vt 0.7340 0.1541
vt 0.6932 0.1470
vt 0.7049 0.1395
vt 0.6810 0.0580
vt 0.7857 0.1253
vt 0.6611 0.1603
vt 0.6304 0.1216
vt 0.6336 0.0787
vt 0.6932 0.1470
vt 0.7049 0.1395
vt 0.7340 0.1541
vt 0.7948 0.1569
vt 0.8801 0.1847
vt 0.7900 0.1770
vt 0.8663 0.2022
vt 0.7821 0.1949
vt 0.7269 0.1636
vt 0.6611 0.1603
vt 0.7010 0.1792
vt 0.8525 0.2196
vt 0.8971 0.2251
vt 0.8871 0.2367
vt 0.9283 0.2294
vt 0.9783 0.2462
vt 0.9132 0.2086
vt 0.8968 0.1423
vt 0.8945 0.0066
vt 0.6847 0.4539
vt 0.6741 0.4544
vt 0.6887 0.4688
vt 0.6762 0.4765
vt 0.7038 0.4892
vt 0.6851 0.4295
vt 0.6880 0.4299
vt 0.7049 0.4099
vt 0.7064 0.4129
vt 0.7305 0.4094
vt 0.7304 0.4061
vt 0.7540 0.4158
vt 0.7554 0.4129
vt 0.7709 0.4306
vt 0.7710 0.4306
vt 0.7825 0.4222
vt 0.7741 0.4503
vt 0.6742 0.4230
vt 0.7001 0.3992
vt 0.7240 0.3915
vt 0.7661 0.3982
vt 0.7822 0.4510
vt 0.8141 0.5539
vt 0.7789 0.4837
vt 0.7567 0.5046
vt 0.7235 0.5135
vt 0.6998 0.4940
vt 0.7243 0.5005
vt 0.7491 0.4916
vt 0.7672 0.4725
vt 0.7700 0.4513
vt 0.7742 0.4501
vt 0.7650 0.4709
vt 0.7480 0.4888
vt 0.7271 0.4902
vt 0.7682 0.4321
vt 0.7651 0.4339
vt 0.7648 0.4495
vt 0.7622 0.4661
vt 0.7483 0.4820
vt 0.7280 0.4846
vt 0.7086 0.4815
vt 0.6954 0.4672
vt 0.7520 0.4187
vt 0.7306 0.4127
vt 0.7076 0.4157
vt 0.6925 0.4308
vt 0.6888 0.4533
vt 0.7059 0.6343
vt 0.7780 0.5375
vt 0.8241 0.6040
vt 0.8411 0.4681
vt 0.9277 0.5566
vt 0.9742 0.4760
vt 0.8916 0.4199
vt 0.9779 0.4149
vt 0.9200 0.4041
vt 0.9428 0.3695
vt 0.6955 0.5759
vt 0.5628 0.5992
vt 0.5839 0.6472
vt 0.7059 0.6343
vt 0.6955 0.5759
vt 0.7780 0.5375
vt 0.8241 0.6040
vt 0.8411 0.4681
vt 0.9277 0.5566
vt 0.9742 0.4760
vt 0.8916 0.4199
vt 0.9779 0.4149
vt 0.9200 0.4041
vt 0.9428 0.3695
vt 0.9826 0.2303
vt 0.9163 0.1930
vt 0.9548 0.1201
vt 0.9019 0.1257
vt 0.9906 0.0641
vt 0.9006 -0.0004
vt 0.9651 0.0040
vt 0.9906 0.0641
vt 0.9019 0.1257
vt 0.9548 0.1201
vt 0.9163 0.1930
vt 0.9826 0.2303
vt 0.7164 0.4070
vt 0.6970 0.4187
vt 0.7002 0.4197
vt 0.6862 0.4386
vt 0.6906 0.4374
vt 0.7038 0.4214
vt 0.6945 0.4363
vt 0.7175 0.4401
vt 0.7140 0.4467
vt 0.6869 0.4613
vt 0.6909 0.4576
vt 0.6935 0.4544
vt 0.7142 0.4542
vt 0.6989 0.4807
vt 0.7013 0.4754
vt 0.7028 0.4711
vt 0.7182 0.4606
vt 0.7196 0.4855
vt 0.7200 0.4803
vt 0.7240 0.4362
vt 0.7249 0.4642
vt 0.7590 0.4174
vt 0.7556 0.4182
vt 0.7710 0.4365
vt 0.7662 0.4355
vt 0.7719 0.4591
vt 0.7669 0.4556
vt 0.7613 0.4790
vt 0.7577 0.4736
vt 0.7419 0.4910
vt 0.7404 0.4847
vt 0.7394 0.4799
vt 0.7324 0.4640
vt 0.7558 0.4696
vt 0.7636 0.4526
vt 0.7616 0.4347
vt 0.7515 0.4203
vt 0.7361 0.4125
vt 0.7377 0.4086
vt 0.7174 0.4091
vt 0.7388 0.4601
vt 0.7424 0.4535
vt 0.7422 0.4460
vt 0.7382 0.4396
vt 0.7315 0.4360
vt 0.7188 0.4129
vt 0.7391 0.4066
vt 0.7324 0.4640
vt 0.7200 0.4803
vt 0.7249 0.4642
vt 0.7196 0.4855
vt 0.7394 0.4799
vt 0.6862 0.4386
vt 0.6906 0.4374
vt 0.6869 0.4613
vt 0.6909 0.4576
vt 0.6989 0.4807
vt 0.7013 0.4754
vt 0.7028 0.4711
vt 0.7182 0.4606
vt 0.6945 0.4363
vt 0.6935 0.4544
vt 0.7140 0.4467
vt 0.7142 0.4542
vt 0.7002 0.4197
vt 0.7038 0.4214
vt 0.7175 0.4401
vt 0.7391 0.4066
vt 0.7377 0.4086
vt 0.7164 0.4070
vt 0.7174 0.4091
vt 0.7188 0.4129
vt 0.7240 0.4362
vt 0.7361 0.4125
vt 0.7315 0.4360
vt 0.7382 0.4396
vt 0.7515 0.4203
vt 0.7556 0.4182
vt 0.7590 0.4174
vt 0.7710 0.4365
vt 0.7662 0.4355
vt 0.7616 0.4347
vt 0.7422 0.4460
vt 0.7719 0.4591
vt 0.7669 0.4556
vt 0.7636 0.4526
vt 0.7424 0.4535
vt 0.7613 0.4790
vt 0.7577 0.4736
vt 0.7558 0.4696
vt 0.7388 0.4601
vt 0.7419 0.4910
vt 0.7404 0.4847
vt 0.7191 0.4916
vt 0.7191 0.4916
vt 0.6970 0.4187
vt 0.3437 0.2657
vt 0.3794 0.2478
vt 0.3531 0.2895
vt 0.3459 0.2269
vt 0.2893 0.2340
vt 0.2973 0.2671
vt 0.2461 0.3122
vt 0.3695 0.3255
vt 0.2557 0.3517
vt 0.1676 0.3164
vt 0.1615 0.3621
vt 0.1492 0.3172
vt 0.1103 0.3653
vt 0.1088 0.3190
vt 0.0678 0.3658
vt 0.0781 0.3189
vt 0.1673 0.2822
vt 0.1398 0.2854
vt 0.1119 0.2872
vt 0.0818 0.2858
vt 0.0472 0.2823
vt 0.0017 0.3153
vt 0.0011 0.2777
vt 0.0472 0.2823
vt 0.0552 0.2413
vt 0.0166 0.2411
vt 0.2400 0.2450
vt 0.2460 0.2788
vt 0.1661 0.2391
vt 0.1313 0.2454
vt 0.1109 0.2461
vt 0.0862 0.2452
vt 0.0552 0.2413
vt 0.0166 0.2411
vt 0.0009 0.2402
vt 0.1510 0.2086
vt 0.1662 0.2114
vt 0.1456 0.2271
vt 0.1259 0.2328
vt 0.1096 0.2325
vt 0.0880 0.2314
vt 0.0673 0.2296
vt 0.1411 0.1899
vt 0.1638 0.1664
vt 0.1213 0.1810
vt 0.1240 0.1622
vt 0.1039 0.1900
vt 0.0989 0.1751
vt 0.0985 0.1313
vt 0.1238 0.1165
vt 0.0981 0.1145
vt 0.0985 0.1313
vt 0.1240 0.1622
vt 0.0989 0.1751
vt 0.1039 0.1900
vt 0.1213 0.1810
vt 0.1638 0.1664
vt 0.1606 0.1174
vt 0.2338 0.1169
vt 0.2358 0.1673
vt 0.1411 0.1899
vt 0.1662 0.2114
vt 0.1510 0.2086
vt 0.1456 0.2271
vt 0.1661 0.2391
vt 0.1259 0.2328
vt 0.1313 0.2454
vt 0.1096 0.2325
vt 0.1109 0.2461
vt 0.0862 0.2452
vt 0.0880 0.2314
vt 0.0673 0.2296
vt 0.2393 0.2093
vt 0.2400 0.2450
vt 0.2460 0.2788
vt 0.1673 0.2822
vt 0.1398 0.2854
vt 0.1119 0.2872
vt 0.0818 0.2858
vt 0.2922 0.1620
vt 0.2902 0.2083
vt 0.2893 0.2340
vt 0.2973 0.2671
vt 0.2461 0.3122
vt 0.1676 0.3164
vt 0.1492 0.3172
vt 0.1088 0.3190
vt 0.0781 0.3189
vt 0.0678 0.3658
vt 0.1103 0.3653
vt 0.1615 0.3621
vt 0.2557 0.3517
vt 0.3695 0.3255
vt 0.3531 0.2895
vt 0.0025 0.3646
vt 0.0620 0.4156
vt 0.1117 0.4146
vt 0.1711 0.4102
vt 0.2574 0.4001
vt 0.3676 0.3768
vt 0.4022 0.3630
vt 0.4372 0.3795
vt 0.0620 0.4156
vt 0.0030 0.4153
vt 0.0033 0.4595
vt 0.0633 0.4596
vt 0.1117 0.4146
vt 0.1159 0.4582
vt 0.1711 0.4102
vt 0.1781 0.4531
vt 0.2574 0.4001
vt 0.2638 0.4419
vt 0.3535 0.4274
vt 0.3676 0.3768
vt 0.4022 0.3630
vt 0.4372 0.3795
vt 0.4223 0.4235
vt 0.4746 0.3859
vt 0.4693 0.4225
vt 0.4614 0.4742
vt 0.5056 0.4800
vt 0.4939 0.5515
vt 0.4527 0.5485
vt 0.4939 0.6208
vt 0.4470 0.6172
vt 0.4436 0.6834
vt 0.4897 0.6838
vt 0.4915 0.7389
vt 0.4432 0.7394
vt 0.4843 0.7988
vt 0.4436 0.6834
vt 0.4470 0.6172
vt 0.4527 0.5485
vt 0.4614 0.4742
vt 0.3983 0.5499
vt 0.3937 0.6187
vt 0.3867 0.6844
vt 0.3918 0.7375
vt 0.4432 0.7394
vt 0.3907 0.7860
vt 0.4335 0.7971
vt 0.3285 0.6223
vt 0.3229 0.6861
vt 0.3137 0.7407
vt 0.3212 0.7990
vt 0.3292 0.8522
vt 0.3852 0.8456
vt 0.3347 0.9205
vt 0.2533 0.8502
vt 0.2549 0.6278
vt 0.1246 0.6379
vt 0.1261 0.6917
vt 0.0659 0.6401
vt 0.0645 0.5876
vt 0.0039 0.6408
vt 0.0039 0.5890
vt 0.0645 0.5876
vt 0.1279 0.7479
vt 0.0667 0.6927
vt 0.0036 0.6931
vt 0.0667 0.6927
vt 0.0670 0.7412
vt 0.1279 0.7479
vt 0.1337 0.7885
vt 0.0680 0.7814
vt 0.1324 0.8469
vt 0.0031 0.7420
vt 0.0670 0.7412
vt 0.1337 0.7885
vt 0.0680 0.7814
vt 0.1324 0.8469
vt 0.0784 0.8474
vt 0.0019 0.7847
vt 0.0004 0.8493
vt 0.0784 0.8474
vt 0.1261 0.6917
vt 0.1829 0.5762
vt 0.1246 0.6379
vt 0.1219 0.5836
vt 0.0659 0.6401
vt 0.1818 0.5093
vt 0.1207 0.5159
vt 0.0639 0.5191
vt 0.0037 0.5198
vt 0.0633 0.4596
vt 0.2532 0.4965
vt 0.3432 0.4811
vt 0.2561 0.5656
vt 0.3340 0.5555
vt 0.0639 0.5191
vt 0.1159 0.4582
vt 0.1781 0.4531
vt 0.2638 0.4419
vt 0.2532 0.4965
vt 0.1818 0.5093
vt 0.1207 0.5159
vt 0.3535 0.4274
vt 0.3432 0.4811
vt 0.2561 0.5656
vt 0.1829 0.5762
vt 0.1219 0.5836
vt 0.3340 0.5555
vt 0.4076 0.4759
vt 0.4223 0.4235
vt 0.4746 0.3859
vt 0.4693 0.4225
vt 0.5108 0.4259
vt 0.5173 0.3907
vt 0.4335 0.7971
vt 0.3852 0.8453
vt 0.3907 0.7860
vt 0.4280 0.8515
vt 0.4761 0.8557
vt 0.4281 0.8518
vt 0.3918 0.7375
vt 0.3867 0.6844
vt 0.3937 0.6187
vt 0.3983 0.5499
vt 0.4076 0.4759
vt 0.3285 0.6223
vt 0.3229 0.6861
vt 0.3137 0.7407
vt 0.3212 0.7990
vt 0.3292 0.8522
vt 0.3347 0.9205
vt 0.2533 0.8502
vt 0.2549 0.6278
vt 0.2527 0.6886
vt 0.2525 0.7378
vt 0.2525 0.7979
vt 0.1930 0.7996
vt 0.1841 0.7407
vt 0.1859 0.6904
vt 0.1848 0.6339
vt 0.1929 0.8485
vt 0.1743 0.9163
vt 0.0870 0.9124
vt 0.0077 0.9190
vt 0.0870 0.9124
vt 0.1929 0.8485
vt 0.1743 0.9163
vt 0.2479 0.9142
vt 0.2474 0.9934
vt 0.1713 0.9935
vt 0.2479 0.9142
vt 0.3246 0.9935
vt 0.6454 0.8716
vt 0.6447 0.9127
vt 0.6266 0.9114
vt 0.6665 0.8445
vt 0.6665 0.8685
vt 0.6911 0.8375
vt 0.6912 0.8627
vt 0.6916 0.8990
vt 0.6669 0.9078
vt 0.6931 0.9485
vt 0.6679 0.9618
vt 0.6433 0.9674
vt 0.6260 0.9632
vt 0.6964 0.9681
vt 0.6722 0.9930
vt 0.6427 0.9888
vt 0.6263 0.9863
vt 0.6084 0.9742
vt 0.6078 0.9502
vt 0.5832 0.9610
vt 0.5846 0.9367
vt 0.5630 0.9312
vt 0.5616 0.9530
vt 0.5453 0.9356
vt 0.5459 0.9584
vt 0.6067 0.9038
vt 0.5833 0.8949
vt 0.5630 0.8901
vt 0.5454 0.8915
vt 0.5455 0.8591
vt 0.5626 0.8589
vt 0.5821 0.8628
vt 0.6063 0.8678
vt 0.6273 0.8723
vt 0.6060 0.8409
vt 0.6280 0.8474
vt 0.6271 0.8300
vt 0.6462 0.8417
vt 0.5455 0.8397
vt 0.5619 0.8366
vt 0.5812 0.8425
vt 0.5672 0.8300
vt 0.6838 0.8300
vt 0.7116 0.8397
vt 0.7117 0.8591
vt 0.7116 0.8915
vt 0.7115 0.9356
vt 0.7120 0.9584
vt 0.8834 0.9005
vt 0.8852 0.9418
vt 0.8611 0.9423
vt 0.8830 0.8685
vt 0.8609 0.9000
vt 0.8409 0.9441
vt 0.8394 0.9763
vt 0.8614 0.9734
vt 0.8887 0.9720
vt 0.9127 0.9725
vt 0.9085 0.9429
vt 0.9338 0.9695
vt 0.9314 0.9451
vt 0.9286 0.9022
vt 0.9056 0.9014
vt 0.9277 0.8697
vt 0.9542 0.9778
vt 0.9549 0.9471
vt 0.9537 0.9025
vt 0.9532 0.8699
vt 0.9540 0.8494
vt 0.9278 0.8454
vt 0.9278 0.8364
vt 0.9042 0.8493
vt 0.8816 0.8447
vt 0.9048 0.8697
vt 0.8430 0.8364
vt 0.8603 0.8482
vt 0.8609 0.8682
vt 0.8405 0.9003
vt 0.8224 0.9465
vt 0.8229 0.9011
vt 0.8040 0.9476
vt 0.8042 0.9020
vt 0.8231 0.8684
vt 0.8041 0.8688
vt 0.8235 0.8479
vt 0.8054 0.8448
vt 0.8198 0.9794
vt 0.8014 0.9795
vt 0.7810 0.9779
vt 0.7817 0.9471
vt 0.7805 0.9025
vt 0.7800 0.8699
vt 0.7810 0.8494
vt 0.8075 0.8364
vt 0.8406 0.8439
vt 0.8406 0.8676
vt 0.8611 0.9423
vt 0.8852 0.9418
vt 0.8834 0.9005
vt 0.8830 0.8685
vt 0.8609 0.9000
vt 0.8409 0.9441
vt 0.8394 0.9763
vt 0.8614 0.9734
vt 0.8887 0.9720
vt 0.9127 0.9725
vt 0.9085 0.9429
vt 0.9048 0.8697
vt 0.8816 0.8447
vt 0.9042 0.8493
vt 0.9278 0.8364
vt 0.9278 0.8454
vt 0.9540 0.8494
vt 0.9277 0.8697
vt 0.9532 0.8699
vt 0.9286 0.9022
vt 0.9537 0.9025
vt 0.9314 0.9451
vt 0.9549 0.9471
vt 0.9338 0.9695
vt 0.9542 0.9778
vt 0.9056 0.9014
vt 0.8430 0.8364
vt 0.8603 0.8482
vt 0.8609 0.8682
vt 0.8405 0.9003
vt 0.8224 0.9465
vt 0.8229 0.9011
vt 0.8040 0.9476
vt 0.8042 0.9020
vt 0.8231 0.8684
vt 0.8041 0.8688
vt 0.8235 0.8479
vt 0.8054 0.8448
vt 0.8198 0.9794
vt 0.8014 0.9795
vt 0.7810 0.9779
vt 0.7817 0.9471
vt 0.7805 0.9025
vt 0.7800 0.8699
vt 0.7810 0.8494
vt 0.8075 0.8364
vt 0.8406 0.8439
vt 0.8406 0.8676
vt 0.3058 0.2045
vt 0.3129 0.2198
vt 0.3223 0.2092
vt 0.3459 0.2269
vt 0.3462 0.2150
vt 0.3157 0.1950
vt 0.3236 0.1776
vt 0.3445 0.1695
vt 0.3453 0.1537
vt 0.3631 0.1723
vt 0.3682 0.1520
vt 0.3860 0.1831
vt 0.3757 0.1928
vt 0.3798 0.2246
vt 0.3699 0.2073
vt 0.3794 0.2478
vt 0.2906 0.1152
vt 0.3508 0.1137
vt 0.3765 0.1200
vt 0.3682 0.1520
vt 0.3453 0.1537
vt 0.2922 0.1620
vt 0.3462 0.2150
vt 0.3699 0.2073
vt 0.3798 0.2246
vt 0.3757 0.1928
vt 0.3860 0.1831
vt 0.3631 0.1723
vt 0.3445 0.1695
vt 0.3236 0.1776
vt 0.3223 0.2092
vt 0.3129 0.2198
vt 0.2902 0.2083
vt 0.3058 0.2045
vt 0.3157 0.1950
vt 0.2393 0.2093
vt 0.2358 0.1673
vt 0.4179 0.9174
vt 0.4662 0.9231
vt 0.4179 0.9174
vt 0.6462 0.8417
vt 0.6271 0.8300
vt 0.6280 0.8474
vt 0.6060 0.8409
vt 0.6273 0.8723
vt 0.5459 0.9584
vt 0.5616 0.9530
vt 0.5453 0.9356
vt 0.5630 0.9312
vt 0.5454 0.8915
vt 0.5630 0.8901
vt 0.5455 0.8591
vt 0.5626 0.8589
vt 0.5455 0.8397
vt 0.5619 0.8366
vt 0.5672 0.8300
vt 0.5812 0.8425
vt 0.6063 0.8678
vt 0.6067 0.9038
vt 0.5833 0.8949
vt 0.5821 0.8628
vt 0.6266 0.9114
vt 0.6078 0.9502
vt 0.6260 0.9632
vt 0.6084 0.9742
vt 0.5832 0.9610
vt 0.5846 0.9367
vt 0.6263 0.9863
vt 0.6427 0.9888
vt 0.6433 0.9674
vt 0.6722 0.9930
vt 0.6679 0.9618
vt 0.6964 0.9681
vt 0.6931 0.9485
vt 0.7120 0.9584
vt 0.7115 0.9356
vt 0.6916 0.8990
vt 0.7116 0.8915
vt 0.6912 0.8627
vt 0.7117 0.8591
vt 0.6911 0.8375
vt 0.6669 0.9078
vt 0.6447 0.9127
vt 0.6454 0.8716
vt 0.6665 0.8445
vt 0.6838 0.8300
vt 0.7116 0.8397
vt 0.6665 0.8685
vt 0.3437 0.2657
vt 0.0000 0.0000
vt 0.0002 -0.0005
vt 0.0004 -0.0006
vt 1.0000 0.0000
vt 1.0000 -1.0000
vt 0.0000 -1.0000
vt 0.0004 -0.0006
vt 0.0002 -0.0005
vt 0.0005 -0.0003
vt 1.0000 -1.0000
vt 0.0000 -1.0000
vt 1.0000 -1.0000
vt 0.0000 -1.0000
vt 0.0000 0.0000
vt 0.0000 0.0000
vt 1.0000 0.0000
vt 1.0000 0.0000
vt 0.0005 -0.0003
vt 0.7778 -0.2058
vt 0.9414 -0.2132
vt 0.9414 -0.1487
vt 0.7766 -0.2058
vt 0.8371 -0.3035
vt 0.6429 -0.3051
vt 0.4918 -0.5166
vt 0.2217 -0.9545
vt 0.5765 -0.8551
vt 0.2959 -0.8143
vt 0.6179 -0.7294
vt 0.3689 -0.7014
vt 0.6944 -0.5251
vt 0.4930 -0.5166
vt 0.8383 -0.3035
vt 0.6441 -0.3051
vt 0.4501 -0.3360
vt 0.4555 -0.2632
vt 0.6020 -0.1574
vt 0.3217 -0.1169
vt 0.3656 -0.3556
vt 0.3200 -0.3588
vt 0.3623 -0.2917
vt 0.1652 -0.3690
vt 0.1934 -0.2917
vt 0.2221 -0.2246
vt 0.0415 -0.2246
vt 0.0398 -0.0885
vt 0.7636 -0.0359
vt 0.3656 -0.0357
vt 0.0398 -0.0356
vt 0.3201 -0.1169
vt 0.3639 -0.0357
vt 0.6003 -0.1574
vt 0.7620 -0.0359
vt 0.6748 -0.1663
vt 0.6073 -0.2781
vt 0.4484 -0.3360
vt 0.5030 -0.4331
vt 0.3090 -0.5143
vt 0.3810 -0.6144
vt 0.4538 -0.2632
vt 0.2205 -0.2246
vt 0.1917 -0.2917
vt 0.3606 -0.2917
vt 0.1635 -0.3722
vt 0.3184 -0.3588
vt 0.2555 -0.5035
vt 0.3640 -0.3556
vt 0.2140 -0.5054
vt 0.1464 -0.4998
vt 0.0415 -0.3748
vt 0.0415 -0.2917
vt 0.1480 -0.5024
vt 0.1591 -0.6331
vt 0.1390 -0.6047
vt 0.0415 -0.6599
vt 0.0415 -0.5050
vt 0.1407 -0.6047
vt 0.2157 -0.5054
vt 0.1608 -0.6331
vt 0.2572 -0.5035
vt 0.0415 -0.7051
vt 0.3107 -0.5143
vt 0.2107 -0.6801
vt 0.0415 -0.7724
vt 0.2091 -0.6801
vt 0.6764 -0.1663
vt 0.6089 -0.2781
vt 0.5047 -0.4331
vt 0.3826 -0.6144
vt 0.2127 -0.7692
vt 0.0415 -0.8414
vt 0.2110 -0.7692
vt 0.6932 -0.5251
vt 0.3677 -0.7014
vt 0.6167 -0.7294
vt 0.2947 -0.8143
vt 0.5753 -0.8551
vt 0.2205 -0.9545
vt 0.9414 -0.8567
vt 0.9414 -0.7309
vt 0.9414 -0.5463
vt 0.9414 -0.3243
vt 0.6178 -0.9544
vt 0.9426 -0.9544
vt 0.6190 -0.9544
vn 0.5338 0.4723 0.7014
vn 0.7054 0.5438 0.4546
vn 0.4768 0.7571 0.4467
vn 0.8068 0.2580 0.5316
vn 0.5895 0.3152 0.7437
vn 0.7536 -0.0236 0.6569
vn 0.5603 0.1604 0.8126
vn 0.2890 0.3431 0.8937
vn 0.4081 0.5895 0.6971
vn 0.1821 0.8408 0.5098
vn 0.2461 0.6356 0.7318
vn 0.4540 0.0493 0.8896
vn -0.0997 0.7725 0.6272
vn 0.0912 0.5980 0.7963
vn -0.0151 0.4869 0.8733
vn -0.0443 0.3321 0.9422
vn -0.3462 0.2888 0.8926
vn -0.2449 0.0030 0.9696
vn 0.5603 -0.2256 0.7970
vn 0.2991 0.0117 0.9542
vn 0.1371 0.0578 0.9889
vn 0.0114 0.1750 0.9845
vn -0.0162 -0.2103 0.9775
vn -0.2931 0.5704 0.7673
vn 0.2785 -0.2940 0.9143
vn -0.5603 0.1604 0.8126
vn -0.2890 0.3431 0.8937
vn -0.5895 0.3152 0.7437
vn -0.5338 0.4723 0.7014
vn -0.7536 -0.0236 0.6569
vn -0.8067 0.2580 0.5316
vn -0.7054 0.5438 0.4546
vn -0.4768 0.7571 0.4467
vn -0.4081 0.5895 0.6971
vn -0.1821 0.8408 0.5098
vn -0.2461 0.6356 0.7318
vn 0.0997 0.7725 0.6272
vn -0.0912 0.5980 0.7963
vn 0.2931 0.5704 0.7673
vn 0.0151 0.4869 0.8733
vn 0.3462 0.2888 0.8926
vn 0.0443 0.3321 0.9422
vn -0.0114 0.1750 0.9845
vn 0.2449 0.0030 0.9696
vn 0.0162 -0.2103 0.9775
vn -0.1371 0.0578 0.9889
vn -0.2785 -0.2940 0.9143
vn -0.2991 0.0117 0.9542
vn -0.5603 -0.2256 0.7970
vn -0.4540 0.0493 0.8896
vn 0.4941 -0.8694 -0.0010
vn 0.8102 -0.5391 -0.2300
vn 0.5461 -0.8259 0.1405
vn 0.8661 -0.4915 -0.0914
vn 0.6078 -0.6839 0.4036
vn 0.9129 -0.3651 0.1825
vn 0.6129 -0.4777 0.6295
vn 0.8745 -0.2043 0.4399
vn 0.0336 -0.9811 0.1908
vn 0.0798 -0.9389 0.3347
vn 0.1632 -0.7917 0.5887
vn 0.2316 -0.5701 0.7882
vn -0.4481 -0.8442 0.2940
vn -0.4079 -0.8004 0.4392
vn -0.3017 -0.6596 0.6884
vn -0.1671 -0.4569 0.8737
vn -0.8218 -0.4956 0.2810
vn -0.7863 -0.4474 0.4261
vn -0.6625 -0.3231 0.6758
vn -0.4765 -0.1683 0.8629
vn -0.9875 -0.0286 0.1552
vn -0.9540 0.0254 0.2987
vn -0.8224 0.1278 0.5544
vn -0.6136 0.2184 0.7588
vn -0.9006 0.4318 -0.0496
vn -0.8661 0.4915 0.0914
vn -0.7385 0.5721 0.3567
vn -0.5417 0.5994 0.5893
vn -0.5846 0.7620 -0.2786
vn -0.5461 0.8259 -0.1405
vn -0.4334 0.8909 0.1357
vn -0.2801 0.8728 0.3997
vn -0.1240 0.8737 -0.4704
vn -0.0798 0.9389 -0.3347
vn 0.0111 0.9987 -0.0495
vn 0.1012 0.9653 0.2409
vn 0.3577 0.7369 -0.5736
vn 0.4079 0.8004 -0.4392
vn 0.4761 0.8667 -0.1491
vn 0.4999 0.8520 0.1555
vn 0.7314 0.3883 -0.5606
vn 0.7863 0.4474 -0.4261
vn 0.8369 0.5301 -0.1366
vn 0.8093 0.5634 0.1662
vn 0.8970 -0.0788 -0.4349
vn 0.9540 -0.0254 -0.2987
vn 0.9967 0.0793 -0.0152
vn 0.9464 0.1768 0.2704
vn 0.6136 0.2184 0.7588
vn 0.4765 -0.1683 0.8629
vn 0.1671 -0.4569 0.8737
vn -0.2316 -0.5701 0.7882
vn -0.6129 -0.4777 0.6295
vn -0.8745 -0.2043 0.4399
vn 0.8224 0.1278 0.5544
vn 0.6625 -0.3231 0.6758
vn 0.3017 -0.6596 0.6884
vn -0.1632 -0.7917 0.5887
vn -0.6078 -0.6839 0.4036
vn -0.9129 -0.3651 0.1825
vn 0.9540 0.0254 0.2987
vn 0.7863 -0.4474 0.4261
vn 0.4079 -0.8004 0.4392
vn -0.0798 -0.9389 0.3347
vn -0.5461 -0.8259 0.1405
vn -0.8661 -0.4915 -0.0914
vn 0.9875 -0.0286 0.1552
vn 0.8218 -0.4956 0.2810
vn 0.4481 -0.8443 0.2940
vn -0.0336 -0.9811 0.1908
vn -0.4941 -0.8694 -0.0010
vn -0.8102 -0.5391 -0.2300
vn 0.8661 0.4915 0.0914
vn 0.9006 0.4318 -0.0496
vn 0.5461 0.8259 -0.1405
vn 0.5846 0.7620 -0.2786
vn 0.0798 0.9389 -0.3347
vn 0.1240 0.8737 -0.4704
vn -0.4079 0.8004 -0.4392
vn -0.3577 0.7369 -0.5736
vn -0.7863 0.4474 -0.4261
vn -0.7314 0.3883 -0.5606
vn -0.9540 -0.0254 -0.2987
vn -0.8970 -0.0788 -0.4349
vn -0.9967 0.0793 -0.0152
vn -0.8369 0.5301 -0.1366
vn -0.4761 0.8667 -0.1491
vn -0.0111 0.9987 -0.0495
vn 0.4334 0.8909 0.1357
vn 0.7385 0.5721 0.3567
vn -0.9464 0.1768 0.2703
vn -0.8093 0.5634 0.1662
vn -0.4999 0.8520 0.1555
vn -0.1012 0.9653 0.2409
vn 0.2801 0.8728 0.3997
vn 0.5417 0.5994 0.5893
vn 0.9892 0.1394 0.0455
vn 0.9565 -0.0083 -0.2915
vn 0.9421 0.1459 -0.3018
vn 0.9424 0.3335 0.0262
vn 0.8915 0.3339 -0.3061
vn 0.7792 0.5532 -0.2946
vn 0.8229 0.5682 0.0030
vn -0.0000 -0.3583 0.9336
vn 0.5008 -0.4799 0.7203
vn 0.3713 -0.2114 0.9041
vn -0.5008 -0.4799 0.7203
vn -0.3713 -0.2114 0.9041
vn 0.0000 -0.2800 0.9600
vn 0.4838 -0.0681 0.8725
vn -0.0000 0.1321 0.9912
vn 0.4364 0.3982 0.8069
vn 0.1883 0.6599 0.7274
vn 0.0000 0.6379 0.7702
vn -0.1883 0.6599 0.7274
vn -0.4364 0.3982 0.8069
vn -0.4838 -0.0681 0.8725
vn 0.8442 -0.3389 0.4153
vn 0.9045 -0.2176 0.3667
vn 0.9552 -0.0938 0.2807
vn 0.1079 -0.9860 -0.1270
vn 0.1083 -0.9660 -0.2349
vn 0.7907 -0.5343 0.2989
vn 0.2194 -0.9616 -0.1651
vn 0.8186 -0.4758 0.3218
vn 0.9396 -0.1749 0.2943
vn 0.9561 -0.0536 0.2882
vn 0.9080 -0.0166 0.4186
vn 0.9209 0.0193 0.3893
vn 0.8809 -0.2416 0.4069
vn 0.1863 -0.9823 0.0187
vn 0.6379 -0.6473 0.4172
vn 0.7234 -0.5859 0.3653
vn 0.8304 -0.3249 0.4527
vn 0.8632 -0.0813 0.4984
vn 0.8846 0.1680 0.4350
vn 0.7544 0.3442 0.5590
vn 0.7064 0.2236 0.6715
vn 0.5829 0.4552 0.6730
vn 0.5352 0.4916 0.6869
vn 0.5276 0.4436 0.7245
vn 0.7703 -0.4341 0.4671
vn 0.8402 0.0171 0.5421
vn 0.6990 -0.5474 0.4602
vn 0.8645 -0.0221 0.5021
vn 0.7011 0.5753 0.4213
vn 0.6314 0.5668 0.5293
vn 0.3650 0.7142 0.5973
vn 0.4063 0.4151 0.8140
vn 0.1405 0.1359 0.9807
vn 0.3477 -0.1407 0.9270
vn 0.0586 -0.4886 0.8705
vn -0.3245 -0.1613 0.9320
vn -0.4331 0.2198 0.8741
vn -0.1765 0.2836 0.9426
vn -0.4052 0.6318 0.6608
vn 0.7933 0.2377 0.5605
vn 0.3317 0.5351 0.7770
vn -0.2665 0.6341 0.7259
vn -0.0603 0.8393 0.5403
vn -0.3052 0.8901 0.3386
vn 0.0383 0.9871 0.1555
vn 0.0345 0.9962 0.0802
vn 0.5475 0.8272 -0.1265
vn 0.4332 0.8751 -0.2157
vn 0.7316 0.5253 0.4345
vn 0.4511 0.5387 0.7116
vn 0.7257 0.2187 0.6523
vn 0.5840 0.4085 0.7014
vn 0.3585 0.7248 0.5883
vn 0.4550 0.6184 0.6407
vn 0.5204 0.7017 0.4866
vn 0.4898 0.4506 0.7464
vn 0.4020 0.3455 0.8480
vn 0.8235 0.3505 0.4461
vn 0.2740 0.4705 0.8388
vn 0.2990 0.3756 0.8772
vn 0.7361 0.3382 0.5863
vn 0.2492 0.5458 0.8000
vn 0.7030 0.1092 0.7028
vn -0.3880 0.3681 0.8449
vn -0.2600 0.5890 0.7651
vn -0.0008 0.3984 0.9172
vn 0.0000 0.5458 0.8379
vn 0.2600 0.5890 0.7651
vn 0.1793 0.5535 0.8134
vn 0.3335 0.6148 0.7147
vn 0.4758 0.4661 0.7459
vn 0.3870 0.3655 0.8465
vn 0.4413 0.5880 0.6779
vn 0.5045 0.4369 0.7447
vn 0.5646 0.0012 0.8253
vn 0.4246 -0.6585 0.6214
vn 0.7807 -0.5663 0.2643
vn 0.9532 -0.2899 -0.0858
vn 0.9185 0.1101 -0.3799
vn 0.6651 0.5711 -0.4811
vn -0.2947 0.9283 0.2269
vn -0.6959 0.4925 0.5226
vn -0.2439 0.8903 0.3846
vn -0.0000 0.9739 0.2268
vn -0.0000 0.9374 0.3483
vn -0.3379 0.8825 0.3271
vn -0.0000 0.8114 0.5845
vn 0.3379 0.8825 0.3271
vn 0.2947 0.9283 0.2269
vn 0.2439 0.8903 0.3846
vn 0.0000 0.9127 0.4086
vn 0.6959 0.4925 0.5226
vn -0.7784 -0.1410 0.6117
vn -0.7755 0.5098 0.3724
vn -0.7011 0.5753 0.4213
vn -0.3650 0.7142 0.5973
vn -0.2740 0.4705 0.8388
vn 0.0000 0.6756 0.7373
vn -0.1793 0.5535 0.8134
vn 0.0000 0.5709 0.8210
vn 0.7755 0.5098 0.3724
vn 0.7784 -0.1410 0.6117
vn 0.7151 -0.5153 0.4724
vn 0.8835 -0.1092 0.4555
vn 0.3510 -0.8448 0.4038
vn 0.3319 -0.8378 0.4335
vn -0.0000 -0.6702 0.7422
vn 0.3406 -0.8693 0.3582
vn -0.0000 -0.9335 0.3586
vn -0.0000 -0.9157 0.4018
vn -0.3319 -0.8378 0.4335
vn -0.7151 -0.5153 0.4724
vn -0.8835 -0.1092 0.4555
vn -0.8645 -0.0221 0.5021
vn -0.3510 -0.8448 0.4038
vn -0.6990 -0.5474 0.4602
vn -0.0628 -0.9723 -0.2251
vn -0.0000 -0.9546 0.2979
vn -0.3406 -0.8693 0.3582
vn -0.6379 -0.6473 0.4172
vn -0.7703 -0.4341 0.4671
vn -0.8402 0.0171 0.5421
vn -0.6314 0.5668 0.5293
vn -0.0000 -0.9662 -0.2578
vn 0.0627 -0.9723 -0.2251
vn -0.1863 -0.9823 0.0187
vn -0.1079 -0.9860 -0.1270
vn -0.7234 -0.5859 0.3653
vn -0.7907 -0.5343 0.2989
vn -0.8304 -0.3249 0.4527
vn -0.8809 -0.2416 0.4069
vn -0.8632 -0.0813 0.4984
vn -0.9080 -0.0166 0.4186
vn -0.8846 0.1680 0.4350
vn -0.9226 0.0211 0.3851
vn -0.9396 -0.1749 0.2943
vn -0.8186 -0.4758 0.3218
vn -0.2194 -0.9616 -0.1651
vn -0.1083 -0.9660 -0.2349
vn -0.8459 -0.3427 0.4086
vn -0.9580 -0.0507 0.2823
vn -0.9561 -0.1020 0.2746
vn -0.9069 -0.2243 0.3566
vn -0.7911 -0.4119 0.4522
vn -0.6608 -0.4833 0.5743
vn -0.6187 -0.6686 0.4126
vn -0.8074 -0.1208 0.5775
vn -0.8109 -0.3688 0.4544
vn -0.5351 0.6318 0.5608
vn -0.5393 0.6459 0.5403
vn -0.8278 -0.3028 0.4724
vn -0.4817 0.6553 0.5818
vn -0.1700 0.8481 0.5019
vn -0.0000 -0.9856 0.1688
vn -0.3685 -0.9010 0.2289
vn -0.3552 -0.9101 0.2136
vn -0.6764 -0.6676 0.3112
vn -0.6751 -0.6428 0.3619
vn -0.7011 -0.4300 0.5688
vn -0.5429 -0.7292 0.4165
vn -0.4642 -0.5457 0.6977
vn -0.3993 -0.8173 0.4154
vn 0.0000 -0.9180 0.3967
vn 0.3685 -0.9010 0.2289
vn -0.3567 0.6971 0.6219
vn -0.0000 0.5824 0.8129
vn -0.0000 -0.6633 0.7484
vn 0.4642 -0.5457 0.6977
vn 0.3993 -0.8173 0.4154
vn 0.5429 -0.7292 0.4165
vn 0.6751 -0.6428 0.3619
vn 0.6764 -0.6676 0.3112
vn 0.8277 -0.3028 0.4724
vn 0.8109 -0.3688 0.4544
vn 0.5393 0.6459 0.5403
vn 0.7011 -0.4300 0.5688
vn 0.3567 0.6971 0.6219
vn 0.4817 0.6553 0.5818
vn 0.5351 0.6318 0.5608
vn 0.8074 -0.1208 0.5775
vn 0.1700 0.8481 0.5019
vn 0.7867 -0.4113 0.4603
vn 0.6559 -0.4802 0.5823
vn 0.6173 -0.6676 0.4164
vn 0.3538 -0.9100 0.2160
vn -0.0002 -0.9993 0.0371
vn -0.8235 0.3505 0.4461
vn -0.2990 0.3756 0.8772
vn -0.7361 0.3382 0.5863
vn -0.2492 0.5458 0.8000
vn -0.7030 0.1092 0.7028
vn -0.4020 0.3455 0.8480
vn -0.7316 0.5253 0.4345
vn -0.5204 0.7017 0.4866
vn -0.5475 0.8272 -0.1265
vn -0.0383 0.9871 0.1555
vn -0.3585 0.7248 0.5883
vn 0.0603 0.8393 0.5403
vn -0.4511 0.5387 0.7116
vn -0.3317 0.5351 0.7770
vn -0.7933 0.2377 0.5605
vn -0.4063 0.4151 0.8140
vn -0.4898 0.4506 0.7464
vn -0.4550 0.6184 0.6407
vn -0.5840 0.4085 0.7014
vn -0.7257 0.2187 0.6523
vn -0.7544 0.3442 0.5590
vn -0.7071 0.2266 0.6698
vn -0.5829 0.4552 0.6730
vn -0.5352 0.4916 0.6869
vn -0.4758 0.4661 0.7459
vn -0.3335 0.6148 0.7147
vn -0.4413 0.5880 0.6779
vn -0.5045 0.4369 0.7447
vn -0.5276 0.4436 0.7244
vn 0.1765 0.2836 0.9425
vn -0.1405 0.1359 0.9807
vn -0.3477 -0.1407 0.9270
vn -0.5646 0.0012 0.8253
vn 0.2665 0.6341 0.7259
vn 0.4052 0.6318 0.6608
vn 0.4331 0.2198 0.8741
vn 0.3245 -0.1613 0.9320
vn -0.0586 -0.4886 0.8705
vn -0.4246 -0.6585 0.6214
vn -0.7807 -0.5663 0.2643
vn -0.9532 -0.2899 -0.0858
vn 0.3052 0.8901 0.3386
vn -0.0345 0.9962 0.0802
vn -0.4332 0.8751 -0.2157
vn -0.6651 0.5711 -0.4811
vn -0.9185 0.1101 -0.3799
vn 0.3812 0.2014 0.9023
vn 0.7840 0.0490 0.6188
vn 0.9330 -0.0364 0.3580
vn 0.9733 -0.0837 0.2137
vn 0.9747 -0.1214 0.1878
vn 0.0019 0.2023 0.9793
vn -0.3806 0.2055 0.9016
vn -0.7852 0.0541 0.6169
vn -0.9360 -0.0338 0.3502
vn -0.9750 -0.0804 0.2072
vn -0.9753 -0.1239 0.1828
vn 0.2102 -0.9132 0.3491
vn 0.1124 -0.9935 0.0170
vn -0.0007 -0.9984 -0.0573
vn -0.1126 -0.9935 0.0152
vn -0.2100 -0.9145 0.3459
vn -0.7775 -0.5244 0.3471
vn -0.4331 -0.6144 0.6595
vn -0.4725 -0.5424 0.6947
vn -0.0535 -0.4660 0.8832
vn -0.1132 -0.4121 0.9041
vn -0.5421 0.2782 0.7929
vn -0.4789 0.3250 0.8155
vn -0.1750 0.9590 0.2230
vn -0.4974 0.8674 0.0140
vn 0.2483 -0.1404 0.9585
vn 0.1813 -0.1118 0.9770
vn -0.4507 0.3857 0.8050
vn -0.7917 0.6058 -0.0788
vn 0.3993 0.2582 0.8797
vn 0.3368 0.2671 0.9029
vn -0.4530 0.4294 0.7813
vn -0.9704 0.2404 -0.0209
vn 0.3236 0.6251 0.7103
vn -0.4628 0.4539 0.7614
vn 0.0906 0.8688 0.4869
vn -0.9766 -0.1228 0.1764
vn -0.9658 0.2080 -0.1548
vn -0.9721 0.2225 -0.0745
vn -0.7637 0.6151 -0.1960
vn -0.7838 0.6083 -0.1255
vn -0.4421 0.8931 -0.0830
vn -0.4755 0.8793 -0.0277
vn -0.0937 0.9856 0.1406
vn -0.1353 0.9737 0.1834
vn 0.1998 0.8874 0.4155
vn 0.1526 0.8797 0.4503
vn -0.4695 0.4773 0.7429
vn -0.8070 -0.3755 0.4557
vn -0.4867 0.5055 0.7125
vn -0.5307 0.5186 0.6703
vn -0.5947 0.4911 0.6365
vn -0.6475 0.4206 0.6355
vn -0.6569 0.3359 0.6750
vn -0.9779 -0.1715 0.1199
vn -0.7932 -0.4551 0.4046
vn -0.5139 -0.4452 0.7333
vn -0.1855 -0.3195 0.9292
vn 0.0869 -0.0447 0.9952
vn 0.2382 0.2999 0.9238
vn 0.2386 0.6294 0.7396
vn -0.6142 0.2795 0.7380
vn -0.9752 -0.2168 0.0439
vn 0.8070 -0.3755 0.4557
vn 0.4628 0.4539 0.7614
vn 0.9766 -0.1228 0.1764
vn -0.3236 0.6251 0.7103
vn 0.4695 0.4773 0.7429
vn 0.0535 -0.4660 0.8832
vn 0.1132 -0.4121 0.9041
vn -0.2483 -0.1404 0.9585
vn -0.1813 -0.1118 0.9770
vn -0.3993 0.2582 0.8797
vn -0.3368 0.2671 0.9029
vn 0.4530 0.4294 0.7813
vn 0.9704 0.2404 -0.0209
vn 0.4789 0.3250 0.8155
vn 0.4507 0.3857 0.8050
vn 0.4974 0.8674 0.0140
vn 0.7917 0.6058 -0.0788
vn 0.4726 -0.5424 0.6947
vn 0.5421 0.2782 0.7929
vn 0.1750 0.9590 0.2230
vn 0.9752 -0.2168 0.0439
vn 0.9779 -0.1715 0.1199
vn 0.7775 -0.5244 0.3471
vn 0.7932 -0.4551 0.4046
vn 0.6142 0.2795 0.7380
vn -0.0906 0.8688 0.4869
vn 0.6569 0.3359 0.6750
vn -0.2386 0.6294 0.7396
vn -0.2382 0.2999 0.9238
vn 0.6475 0.4206 0.6355
vn 0.9721 0.2225 -0.0745
vn 0.9658 0.2080 -0.1548
vn 0.7637 0.6151 -0.1960
vn 0.7838 0.6083 -0.1255
vn 0.5947 0.4911 0.6365
vn -0.0869 -0.0447 0.9952
vn 0.4421 0.8931 -0.0830
vn 0.4755 0.8793 -0.0277
vn 0.5307 0.5186 0.6704
vn 0.1855 -0.3195 0.9292
vn 0.0937 0.9856 0.1406
vn 0.1353 0.9737 0.1834
vn 0.4867 0.5055 0.7125
vn 0.5139 -0.4452 0.7333
vn -0.1998 0.8874 0.4155
vn -0.1526 0.8797 0.4503
vn -0.3777 0.6271 0.6812
vn 0.3777 0.6271 0.6812
vn 0.4331 -0.6144 0.6595
vn -0.9730 -0.1677 0.1587
vn -0.9521 -0.2168 0.2156
vn -0.7444 -0.6662 -0.0451
vn -0.9774 -0.1916 0.0897
vn -0.9879 -0.1534 0.0226
vn -0.9934 -0.1146 0.0065
vn -0.9876 -0.0919 -0.1274
vn -0.9583 -0.0829 -0.2735
vn -0.9483 -0.0658 -0.3106
vn -0.6533 -0.1200 -0.7475
vn -0.6039 -0.1038 -0.7903
vn -0.1964 -0.1793 -0.9640
vn -0.1625 -0.1585 -0.9739
vn -0.9703 -0.2357 -0.0544
vn -0.9516 -0.0751 -0.2981
vn -0.6342 -0.0936 -0.7675
vn -0.1593 -0.1370 -0.9777
vn -0.0452 -0.2991 -0.9532
vn -0.0000 -0.2468 -0.9691
vn -0.0000 -0.4479 -0.8941
vn 0.0452 -0.2991 -0.9532
vn -0.1780 -0.6507 -0.7382
vn -0.0175 -0.7842 -0.6203
vn -0.5465 -0.8374 0.0133
vn -0.9359 -0.3518 0.0194
vn -0.6958 -0.7016 0.1539
vn -0.9673 -0.1267 -0.2197
vn -0.6566 -0.0825 -0.7497
vn -0.1423 -0.1357 -0.9805
vn 0.1780 -0.6507 -0.7382
vn 0.0175 -0.7842 -0.6203
vn 0.0000 -0.7576 -0.6527
vn -0.0054 -0.7693 0.6389
vn -0.1194 -0.9668 0.2260
vn -0.6462 -0.6021 0.4689
vn -0.9768 -0.1342 -0.1669
vn -0.6602 -0.0452 -0.7497
vn -0.0514 -0.1124 -0.9923
vn 0.4877 -0.5862 -0.6469
vn 0.2244 -0.8688 0.4415
vn -0.0540 -0.9978 0.0385
vn 0.5386 -0.8426 0.0054
vn 0.1053 -0.9805 -0.1662
vn 0.0000 -0.9797 -0.2006
vn -0.1053 -0.9805 -0.1662
vn -0.4877 -0.5862 -0.6469
vn -0.5386 -0.8426 0.0054
vn 0.0540 -0.9978 0.0385
vn -0.0000 -0.9998 -0.0193
vn 0.0000 -0.9997 -0.0231
vn 0.1421 -0.9898 -0.0119
vn -0.2244 -0.8688 0.4415
vn 0.1194 -0.9668 0.2260
vn 0.0054 -0.7693 0.6389
vn 0.6462 -0.6021 0.4689
vn 0.6958 -0.7016 0.1539
vn 0.9768 -0.1342 -0.1669
vn 0.9673 -0.1267 -0.2197
vn 0.6602 -0.0452 -0.7497
vn 0.6566 -0.0825 -0.7497
vn 0.1423 -0.1357 -0.9805
vn 0.0514 -0.1124 -0.9923
vn 0.1792 -0.9836 0.0208
vn 0.5465 -0.8374 0.0133
vn 0.9359 -0.3518 0.0194
vn 0.9703 -0.2357 -0.0544
vn 0.9516 -0.0751 -0.2981
vn 0.6342 -0.0936 -0.7675
vn 0.1593 -0.1370 -0.9777
vn 0.1192 -0.9901 -0.0740
vn 0.1643 -0.9735 -0.1590
vn 0.7444 -0.6662 -0.0451
vn 0.9779 -0.1884 0.0908
vn 0.9879 -0.1534 0.0233
vn 0.9876 -0.0919 -0.1274
vn 0.9483 -0.0658 -0.3106
vn 0.6039 -0.1038 -0.7903
vn 0.1625 -0.1585 -0.9739
vn 0.1964 -0.1793 -0.9640
vn 0.6533 -0.1200 -0.7475
vn 0.9583 -0.0829 -0.2735
vn 0.9934 -0.1146 0.0065
vn -0.0000 -0.1973 -0.9804
vn 0.2256 -0.1952 -0.9545
vn 0.6798 -0.1403 -0.7199
vn 0.9499 -0.1487 -0.2748
vn 0.9917 -0.1278 0.0151
vn 0.9610 -0.0875 0.2624
vn -0.2256 -0.1952 -0.9545
vn -0.0000 -0.2092 -0.9779
vn 0.0000 -0.2204 -0.9754
vn -0.2866 -0.1945 -0.9381
vn -0.6798 -0.1403 -0.7199
vn -0.7088 -0.1499 -0.6893
vn -0.9499 -0.1487 -0.2748
vn -0.9454 -0.1711 -0.2773
vn -0.9917 -0.1278 0.0151
vn -0.9878 -0.1517 0.0348
vn -0.9524 -0.0964 0.2893
vn -0.9619 -0.0868 0.2592
vn -0.7566 -0.0037 0.6538
vn -0.3972 0.0760 0.9146
vn -0.3986 -0.0390 0.9163
vn 0.0000 -0.0132 0.9999
vn 0.0000 -0.0569 0.9984
vn -0.3966 -0.0667 0.9156
vn 0.0000 0.0588 0.9983
vn -0.3835 0.0552 0.9219
vn -0.3686 0.2307 0.9005
vn 0.0000 0.2399 0.9708
vn 0.0000 0.4427 0.8967
vn -0.3389 0.4296 0.8370
vn -0.0000 0.6560 0.7548
vn 0.3686 0.2307 0.9005
vn 0.3835 0.0552 0.9219
vn 0.3966 -0.0667 0.9156
vn 0.3986 -0.0390 0.9163
vn 0.7399 -0.0698 0.6690
vn 0.7317 0.0328 0.6808
vn 0.7120 0.1970 0.6739
vn 0.6674 0.3906 0.6340
vn 0.3389 0.4296 0.8370
vn 0.5847 0.5928 0.5538
vn 0.2920 0.6380 0.7126
vn 0.9331 0.0007 0.3596
vn 0.9205 0.1569 0.3579
vn 0.8747 0.3506 0.3346
vn 0.7660 0.5760 0.2854
vn 0.5588 0.7978 0.2262
vn 0.4833 0.7496 0.4523
vn 0.2707 0.9342 0.2324
vn 0.5874 0.8090 -0.0213
vn 0.9984 -0.0143 0.0551
vn 0.7380 0.0097 -0.6747
vn 0.7182 0.1627 -0.6765
vn 0.3670 0.0243 -0.9299
vn 0.3619 -0.1036 -0.9264
vn 0.0000 0.0285 -0.9996
vn 0.0000 -0.1051 -0.9945
vn -0.3619 -0.1036 -0.9264
vn 0.6723 0.3400 -0.6576
vn 0.3552 0.1724 -0.9187
vn 0.0000 0.1750 -0.9846
vn -0.3552 0.1724 -0.9187
vn -0.3299 0.3442 -0.8790
vn -0.6723 0.3400 -0.6576
vn -0.5945 0.5322 -0.6028
vn -0.2859 0.5453 -0.7880
vn -0.4916 0.7071 -0.5083
vn 0.0000 0.3456 -0.9384
vn 0.3299 0.3442 -0.8790
vn 0.5945 0.5322 -0.6028
vn 0.2857 0.5455 -0.7879
vn 0.4916 0.7071 -0.5083
vn 0.2407 0.7661 -0.5960
vn 0.0002 0.5556 -0.8314
vn 0.0002 0.7823 -0.6229
vn -0.2409 0.7662 -0.5957
vn -0.7182 0.1627 -0.6765
vn -0.9518 -0.1072 -0.2873
vn -0.7380 0.0097 -0.6747
vn -0.7346 -0.1033 -0.6706
vn -0.3670 0.0243 -0.9299
vn -0.9471 -0.1525 -0.2825
vn -0.7306 -0.1500 -0.6661
vn -0.3421 -0.1758 -0.9231
vn 0.0000 -0.1913 -0.9815
vn 0.2866 -0.1945 -0.9381
vn -0.9874 -0.1509 0.0468
vn -0.9412 -0.1159 0.3174
vn -0.9927 -0.1080 0.0528
vn -0.9342 -0.0934 0.3444
vn 0.3421 -0.1758 -0.9231
vn 0.7088 -0.1499 -0.6893
vn 0.9454 -0.1711 -0.2773
vn 0.9878 -0.1517 0.0348
vn 0.9874 -0.1509 0.0468
vn 0.9471 -0.1525 -0.2825
vn 0.7306 -0.1500 -0.6661
vn 0.9522 -0.0969 0.2899
vn 0.9412 -0.1159 0.3174
vn 0.9927 -0.1080 0.0528
vn 0.9518 -0.1072 -0.2873
vn 0.7346 -0.1033 -0.6706
vn 0.9342 -0.0934 0.3444
vn 0.7432 -0.0709 0.6653
vn 0.7569 -0.0065 0.6536
vn 0.3977 0.0743 0.9145
vn 0.0002 0.1069 0.9943
vn -0.2920 0.6380 0.7126
vn -0.4833 0.7496 0.4523
vn -0.5847 0.5928 0.5538
vn -0.2463 0.8254 0.5080
vn -0.0000 0.8508 0.5254
vn 0.2463 0.8254 0.5080
vn -0.6674 0.3906 0.6340
vn -0.7120 0.1970 0.6739
vn -0.7317 0.0328 0.6808
vn -0.7399 -0.0698 0.6690
vn -0.7432 -0.0709 0.6653
vn -0.9331 0.0007 0.3596
vn -0.9205 0.1569 0.3579
vn -0.8747 0.3506 0.3346
vn -0.7660 0.5760 0.2854
vn -0.5588 0.7978 0.2262
vn -0.2707 0.9342 0.2324
vn -0.5874 0.8090 -0.0213
vn -0.9984 -0.0143 0.0551
vn -0.9892 0.1394 0.0455
vn -0.9424 0.3335 0.0262
vn -0.8229 0.5682 0.0030
vn -0.7792 0.5532 -0.2946
vn -0.8915 0.3339 -0.3061
vn -0.9421 0.1459 -0.3018
vn -0.9565 -0.0083 -0.2915
vn -0.5629 0.7791 -0.2761
vn -0.2717 0.9092 -0.3154
vn 0.2717 0.9092 -0.3154
vn -0.0000 0.9400 -0.3413
vn 0.5629 0.7791 -0.2761
vn -0.2933 0.9552 -0.0394
vn 0.0000 0.9990 -0.0442
vn 0.2933 0.9552 -0.0394
vn -0.0000 0.9692 0.2464
vn 0.1394 -0.5307 -0.8360
vn 0.1049 -0.4200 -0.9014
vn 0.7996 -0.3666 -0.4757
vn -0.4823 -0.7204 -0.4983
vn -0.5618 -0.4605 -0.6872
vn -0.6664 -0.7455 -0.0155
vn -0.9247 -0.3469 -0.1567
vn -0.9549 -0.2203 -0.1989
vn -0.5770 -0.3426 -0.7414
vn -0.9173 -0.3060 -0.2550
vn -0.5648 -0.2705 -0.7796
vn 0.0158 -0.4064 -0.9136
vn 0.7552 -0.4315 -0.4935
vn -0.5134 -0.8430 -0.1602
vn -0.2121 -0.8202 -0.5313
vn -0.0679 -0.6329 -0.7713
vn 0.7392 -0.5528 -0.3847
vn 0.9560 -0.1975 0.2171
vn 0.9636 -0.1493 0.2218
vn 0.6749 -0.1949 0.7117
vn 0.6299 -0.0025 0.7767
vn -0.0735 -0.0098 0.9972
vn 0.0672 -0.4721 0.8790
vn -0.8163 -0.2060 0.5396
vn -0.3447 -0.8935 0.2879
vn 0.9605 -0.1471 0.2362
vn 0.6139 0.0389 0.7884
vn -0.1152 0.1031 0.9880
vn -0.8303 -0.0406 0.5558
vn -0.8078 -0.1765 0.5624
vn -0.1007 -0.0643 0.9928
vn 0.6042 -0.0925 0.7914
vn 0.9345 -0.2551 0.2484
vn 0.7927 -0.4476 -0.4139
vn 0.7333 -0.6237 0.2707
vn 0.7100 -0.6500 -0.2709
vn 0.0767 -0.9754 0.2065
vn 0.1535 -0.8572 -0.4917
vn -0.6576 -0.5313 0.5341
vn -0.0245 -0.5627 0.8263
vn 0.5270 -0.4086 0.7452
vn 0.0417 -0.0488 -0.9979
vn 0.0255 -0.0249 -0.9994
vn 0.6669 -0.0262 -0.7447
vn 0.0376 -0.2064 -0.9777
vn 0.6935 -0.0810 -0.7159
vn 0.9859 -0.1228 -0.1132
vn -0.6838 -0.1682 -0.7101
vn -0.9398 -0.3401 0.0322
vn -0.9874 -0.1579 0.0073
vn -0.6846 -0.0907 -0.7233
vn -0.9667 -0.2559 -0.0100
vn -0.6214 -0.3782 0.6862
vn -0.6982 -0.2183 0.6818
vn -0.6935 -0.2969 0.6565
vn -0.5854 -0.6047 0.5401
vn -0.7100 -0.7033 -0.0363
vn -0.0375 -0.9974 -0.0617
vn -0.5495 -0.5509 -0.6281
vn 0.0060 -0.6721 -0.7404
vn -0.6606 -0.2164 -0.7188
vn 0.5535 -0.5710 -0.6063
vn 0.6821 -0.2161 -0.6986
vn 0.9865 -0.1547 -0.0537
vn 0.7166 -0.2831 0.6375
vn 0.6881 -0.2319 0.6876
vn -0.0019 -0.3585 0.9335
vn -0.0452 -0.2422 0.9692
vn 0.6600 -0.3445 0.6676
vn -0.0652 -0.3396 0.9383
vn 0.5443 -0.6578 0.5205
vn -0.0742 -0.7514 0.6556
vn 0.6712 -0.7384 -0.0649
vn 0.9542 -0.2955 -0.0463
vn -0.6669 -0.0262 -0.7447
vn -0.0255 -0.0249 -0.9994
vn -0.0417 -0.0488 -0.9979
vn -0.0376 -0.2064 -0.9777
vn -0.6935 -0.0810 -0.7159
vn -0.9859 -0.1228 -0.1132
vn 0.6838 -0.1682 -0.7101
vn 0.6606 -0.2164 -0.7188
vn -0.0060 -0.6721 -0.7404
vn 0.5495 -0.5509 -0.6281
vn 0.0375 -0.9974 -0.0617
vn 0.7100 -0.7033 -0.0363
vn 0.5923 -0.6110 0.5252
vn 0.9667 -0.2559 -0.0100
vn 0.6977 -0.2908 0.6547
vn 0.9874 -0.1579 0.0073
vn 0.6982 -0.2183 0.6818
vn 0.9398 -0.3402 0.0322
vn 0.6214 -0.3782 0.6862
vn 0.6846 -0.0907 -0.7233
vn -0.5535 -0.5710 -0.6063
vn -0.6821 -0.2161 -0.6986
vn -0.9865 -0.1547 -0.0537
vn -0.7166 -0.2831 0.6375
vn -0.6881 -0.2319 0.6876
vn 0.0019 -0.3586 0.9335
vn 0.0452 -0.2422 0.9692
vn -0.6600 -0.3445 0.6676
vn 0.0606 -0.3349 0.9403
vn -0.5444 -0.6578 0.5205
vn 0.0674 -0.7559 0.6512
vn -0.6712 -0.7384 -0.0649
vn -0.9542 -0.2955 -0.0463
vn 0.0827 -0.9117 -0.4024
vn 0.6515 -0.7191 -0.2419
vn 0.9514 -0.2175 0.2181
vn 0.0126 -0.9960 -0.0879
vn 0.0000 -0.9985 -0.0553
vn 0.0003 -0.9967 -0.0808
vn -0.0129 -0.9960 -0.0884
vn -0.1192 -0.9901 -0.0740
vn -0.9560 -0.1993 0.2151
vn -0.6725 -0.2044 0.7113
vn -0.0670 -0.4768 0.8765
vn 0.3440 -0.8939 0.2873
vn 0.5134 -0.8430 -0.1602
vn 0.2121 -0.8202 -0.5313
vn -0.7392 -0.5528 -0.3848
vn -0.6515 -0.7191 -0.2419
vn -0.1643 -0.9735 -0.1590
vn -0.0827 -0.9117 -0.4024
vn 0.0679 -0.6329 -0.7713
vn -0.1792 -0.9836 0.0208
vn -0.1421 -0.9898 -0.0119
vn -0.1535 -0.8572 -0.4917
vn -0.0767 -0.9754 0.2065
vn -0.7100 -0.6500 -0.2709
vn -0.7333 -0.6237 0.2707
vn -0.7927 -0.4476 -0.4139
vn 0.8163 -0.2060 0.5396
vn 0.0735 -0.0098 0.9972
vn 0.8303 -0.0406 0.5558
vn 0.1152 0.1031 0.9880
vn 0.8078 -0.1765 0.5624
vn 0.1007 -0.0643 0.9928
vn 0.6576 -0.5313 0.5341
vn 0.0245 -0.5627 0.8263
vn -0.5270 -0.4086 0.7452
vn -0.9345 -0.2551 0.2484
vn -0.9605 -0.1471 0.2362
vn -0.6139 0.0389 0.7884
vn -0.6042 -0.0925 0.7914
vn -0.7996 -0.3666 -0.4757
vn -0.9636 -0.1493 0.2218
vn -0.7552 -0.4315 -0.4935
vn -0.6299 -0.0025 0.7767
vn -0.0158 -0.4064 -0.9136
vn 0.5648 -0.2705 -0.7796
vn 0.9173 -0.3060 -0.2550
vn 0.9549 -0.2203 -0.1989
vn 0.9247 -0.3469 -0.1567
vn 0.6664 -0.7455 -0.0155
vn 0.5770 -0.3426 -0.7414
vn -0.1049 -0.4200 -0.9014
vn -0.1394 -0.5307 -0.8360
vn 0.4823 -0.7204 -0.4983
vn 0.5618 -0.4605 -0.6872
vn 0.9739 -0.1621 0.1588
vn 0.6848 0.6972 0.2121
vn 0.7157 0.0087 0.6983
vn 0.6526 -0.7187 0.2399
vn 0.4852 0.5591 -0.6723
vn 0.4600 -0.5923 -0.6614
vn -0.5692 -0.6895 0.4479
vn -0.4452 0.0348 0.8948
vn -0.5444 0.7264 0.4195
vn -0.6790 -0.5664 -0.4670
vn -0.6532 0.5847 -0.4812
vn -0.0000 -0.7025 -0.7117
vn -0.3711 -0.7644 -0.5273
vn 0.1843 -0.9081 0.3759
vn 0.3034 -0.9402 -0.1547
vn 0.3797 -0.7880 -0.4847
vn 0.3711 -0.7644 -0.5273
vn 0.0484 0.9582 0.2819
vn -0.1238 0.9543 0.2719
vn 0.1449 0.9319 0.3324
vn 0.0445 0.9195 0.3905
vn -0.2778 0.8094 0.5175
vn -0.3303 0.7917 0.5139
vn -0.2137 0.9751 0.0595
vn 0.0544 0.9743 0.2188
vn 0.0307 0.9955 -0.0895
vn -0.0022 0.9920 -0.1262
vn -0.0000 0.9990 -0.0454
vn 0.0000 0.9086 0.4176
vn 0.1120 0.0196 0.9935
vn 0.0000 0.0177 0.9998
vn -0.0445 0.9195 0.3905
vn -0.1120 0.0196 0.9935
vn -0.1449 0.9319 0.3324
vn -0.0484 0.9582 0.2819
vn -0.0959 0.9809 0.1694
vn 0.1238 0.9543 0.2719
vn 0.0022 0.9920 -0.1262
vn -0.0306 0.9956 -0.0881
vn 0.2140 0.9750 0.0593
vn -0.0520 0.9736 0.2221
vn 0.3317 0.7904 0.5151
vn 0.3621 0.8100 0.4614
vn 0.2778 0.8094 0.5175
vn 0.4342 0.7577 0.4871
vn 0.0325 0.9600 0.2781
vn 0.0002 0.9758 0.2188
vn 0.0000 0.9986 0.0520
vn -0.0349 0.9597 0.2787
vn 0.2802 0.8538 0.4389
vn 0.3652 0.7713 0.5212
vn 0.0000 0.8121 0.5836
vn -0.0008 0.9833 0.1820
vn -0.3657 0.7706 0.5219
vn -0.4358 0.7561 0.4883
vn -0.2802 0.8538 0.4389
vn -0.3621 0.8100 0.4614
vn -0.0000 0.9023 0.4311
vn 0.0959 0.9809 0.1694
vn 0.1545 0.9872 -0.0405
vn -0.0000 0.9866 -0.1634
vn -0.1545 0.9872 -0.0405
vn -0.3797 -0.7880 -0.4847
vn -0.3034 -0.9402 -0.1547
vn -0.1843 -0.9081 0.3759
vn 0.0000 -0.8829 0.4695
vn -0.0000 -0.9999 0.0132
vn 0.0000 -0.9335 -0.3585
vn 0.0000 -0.8906 -0.4548
usemtl Material_006.003
s 1
f 1/1/1 2/2/2 3/3/3
f 4/4/4 2/2/2 5/5/5
f 5/5/5 2/2/2 1/1/1
f 6/6/6 4/4/4 7/7/7
f 7/7/7 4/4/4 5/5/5
f 7/7/7 5/5/5 8/8/8
f 8/8/8 5/5/5 1/1/1
f 8/8/8 1/1/1 9/9/9
f 9/9/9 1/1/1 3/3/3
f 9/9/9 3/3/3 10/10/10
f 10/10/10 11/11/11 9/9/9
f 9/9/9 11/11/11 8/8/8
f 6/6/6 7/7/7 12/12/12
f 12/12/12 7/7/7 8/8/8
f 10/10/10 13/13/13 11/11/11
f 11/11/11 13/13/13 14/14/14
f 11/11/11 14/14/14 8/8/8
f 8/8/8 14/14/14 15/15/15
f 8/8/8 15/15/15 16/16/16
f 16/16/16 15/15/15 17/17/17
f 16/16/16 17/17/17 18/18/18
f 19/19/19 6/6/6 12/12/12
f 19/19/19 12/12/12 20/20/20
f 20/20/20 12/12/12 8/8/8
f 20/20/20 8/8/8 21/21/21
f 21/21/21 8/8/8 22/22/22
f 21/21/21 22/22/22 23/23/23
f 23/23/23 22/22/22 18/18/18
f 13/13/13 24/24/24 14/14/14
f 14/14/14 24/24/24 15/15/15
f 15/15/15 24/24/24 17/17/17
f 23/23/23 25/25/25 21/21/21
f 21/21/21 25/25/25 20/20/20
f 20/20/20 25/25/25 19/19/19
f 18/18/18 22/22/22 16/16/16
f 16/16/16 22/22/22 8/8/8
f 26/26/26 27/27/27 28/28/28
f 28/28/28 27/27/27 29/29/29
f 30/30/30 26/26/26 31/31/31
f 31/31/31 26/26/26 28/28/28
f 31/31/31 28/28/28 32/32/32
f 32/32/32 28/28/28 29/29/29
f 32/32/32 29/29/29 33/33/33
f 33/33/33 29/29/29 34/34/34
f 33/33/33 34/34/34 35/35/35
f 35/35/35 34/34/34 36/36/36
f 35/35/35 36/36/36 37/37/37
f 37/37/37 36/36/36 38/38/38
f 37/37/37 38/38/38 39/39/39
f 39/39/39 38/38/38 40/40/40
f 39/39/39 40/40/40 41/41/41
f 41/41/41 40/40/40 42/42/42
f 29/29/29 27/27/27 34/34/34
f 34/34/34 27/27/27 36/36/36
f 36/36/36 27/27/27 38/38/38
f 38/38/38 27/27/27 40/40/40
f 40/40/40 27/27/27 42/42/42
f 42/42/42 27/27/27 43/43/43
f 41/41/41 42/42/42 44/44/44
f 44/44/44 42/42/42 43/43/43
f 44/44/44 43/43/43 45/45/45
f 45/45/45 43/43/43 46/46/46
f 45/45/45 46/46/46 47/47/47
f 47/47/47 46/46/46 48/48/48
f 47/47/47 48/48/48 49/49/49
f 49/49/49 48/48/48 50/50/50
f 49/49/49 50/50/50 30/30/30
f 30/30/30 50/50/50 26/26/26
f 43/43/43 27/27/27 46/46/46
f 46/46/46 27/27/27 48/48/48
f 48/48/48 27/27/27 50/50/50
f 50/50/50 27/27/27 26/26/26
f 51/51/51 52/52/52 53/53/53
f 53/53/53 52/52/52 54/54/54
f 53/53/53 54/54/54 55/55/55
f 55/55/55 54/54/54 56/56/56
f 55/55/55 56/56/56 57/57/57
f 57/57/57 56/56/56 58/58/58
f 57/57/57 58/58/58 19/59/19
f 19/59/19 58/58/58 6/60/6
f 59/61/59 51/51/51 60/62/60
f 60/62/60 51/51/51 53/53/53
f 60/62/60 53/53/53 61/63/61
f 61/63/61 53/53/53 55/55/55
f 61/63/61 55/55/55 62/64/62
f 62/64/62 55/55/55 57/57/57
f 62/64/62 57/57/57 25/65/25
f 25/65/25 57/57/57 19/59/19
f 63/66/63 59/61/59 64/67/64
f 64/67/64 59/61/59 60/62/60
f 64/67/64 60/62/60 65/68/65
f 65/68/65 60/62/60 61/63/61
f 65/68/65 61/63/61 66/69/66
f 66/69/66 61/63/61 62/64/62
f 66/69/66 62/64/62 23/70/23
f 23/70/23 62/64/62 25/65/25
f 67/71/67 63/66/63 68/72/68
f 68/72/68 63/66/63 64/67/64
f 68/72/68 64/67/64 69/73/69
f 69/73/69 64/67/64 65/68/65
f 69/73/69 65/68/65 70/74/70
f 70/74/70 65/68/65 66/69/66
f 70/74/70 66/69/66 18/75/18
f 18/75/18 66/69/66 23/70/23
f 71/76/71 67/71/67 72/77/72
f 72/77/72 67/71/67 68/72/68
f 72/77/72 68/72/68 73/78/73
f 73/78/73 68/72/68 69/73/69
f 73/78/73 69/73/69 74/79/74
f 74/79/74 69/73/69 70/74/70
f 74/79/74 70/74/70 17/80/17
f 17/80/17 70/74/70 18/75/18
f 75/81/75 71/76/71 76/82/76
f 76/82/76 71/76/71 72/77/72
f 76/82/76 72/77/72 77/83/77
f 77/83/77 72/77/72 73/78/73
f 77/83/77 73/78/73 78/84/78
f 78/84/78 73/78/73 74/79/74
f 78/84/78 74/79/74 24/85/24
f 24/85/24 74/79/74 17/80/17
f 79/86/79 75/81/75 80/87/80
f 80/87/80 75/81/75 76/82/76
f 80/87/80 76/82/76 81/88/81
f 81/88/81 76/82/76 77/83/77
f 81/88/81 77/83/77 82/89/82
f 82/89/82 77/83/77 78/84/78
f 82/89/82 78/84/78 13/90/13
f 13/90/13 78/84/78 24/85/24
f 83/91/83 79/86/79 84/92/84
f 84/92/84 79/86/79 80/87/80
f 84/92/84 80/87/80 85/93/85
f 85/93/85 80/87/80 81/88/81
f 85/93/85 81/88/81 86/94/86
f 86/94/86 81/88/81 82/89/82
f 86/94/86 82/89/82 10/95/10
f 10/95/10 82/89/82 13/90/13
f 87/96/87 83/91/83 88/97/88
f 88/97/88 83/91/83 84/92/84
f 88/97/88 84/92/84 89/98/89
f 89/98/89 84/92/84 85/93/85
f 89/98/89 85/93/85 90/99/90
f 90/99/90 85/93/85 86/94/86
f 90/99/90 86/94/86 3/100/3
f 3/100/3 86/94/86 10/95/10
f 91/101/91 87/96/87 92/102/92
f 92/102/92 87/96/87 88/97/88
f 92/102/92 88/97/88 93/103/93
f 93/103/93 88/97/88 89/98/89
f 93/103/93 89/98/89 94/104/94
f 94/104/94 89/98/89 90/99/90
f 94/104/94 90/99/90 2/105/2
f 2/105/2 90/99/90 3/100/3
f 95/106/95 91/101/91 96/107/96
f 96/107/96 91/101/91 92/102/92
f 96/107/96 92/102/92 97/108/97
f 97/108/97 92/102/92 93/103/93
f 97/108/97 93/103/93 98/109/98
f 98/109/98 93/103/93 94/104/94
f 98/109/98 94/104/94 4/110/4
f 4/110/4 94/104/94 2/105/2
f 52/111/52 95/106/95 54/112/54
f 54/112/54 95/106/95 96/107/96
f 54/112/54 96/107/96 56/113/56
f 56/113/56 96/107/96 97/108/97
f 56/113/56 97/108/97 58/114/58
f 58/114/58 97/108/97 98/109/98
f 58/114/58 98/109/98 6/115/6
f 6/115/6 98/109/98 4/110/4
f 99/116/99 41/117/41 100/118/100
f 100/118/100 41/117/41 44/119/44
f 100/118/100 44/119/44 101/120/101
f 101/120/101 44/119/44 45/121/45
f 101/120/101 45/121/45 102/122/102
f 102/122/102 45/121/45 47/123/47
f 102/122/102 47/123/47 103/124/103
f 103/124/103 47/123/47 49/125/49
f 103/124/103 49/125/49 104/126/104
f 104/126/104 49/125/49 30/127/30
f 105/128/105 99/116/99 106/129/106
f 106/129/106 99/116/99 100/118/100
f 106/129/106 100/118/100 107/130/107
f 107/130/107 100/118/100 101/120/101
f 107/130/107 101/120/101 108/131/108
f 108/131/108 101/120/101 102/122/102
f 108/131/108 102/122/102 109/132/109
f 109/132/109 102/122/102 103/124/103
f 109/132/109 103/124/103 110/133/110
f 110/133/110 103/124/103 104/126/104
f 111/134/111 105/128/105 112/135/112
f 112/135/112 105/128/105 106/129/106
f 112/135/112 106/129/106 113/136/113
f 113/136/113 106/129/106 107/130/107
f 113/136/113 107/130/107 114/137/114
f 114/137/114 107/130/107 108/131/108
f 114/137/114 108/131/108 115/138/115
f 115/138/115 108/131/108 109/132/109
f 115/138/115 109/132/109 116/139/116
f 116/139/116 109/132/109 110/133/110
f 117/140/117 111/134/111 118/141/118
f 118/141/118 111/134/111 112/135/112
f 118/141/118 112/135/112 119/142/119
f 119/142/119 112/135/112 113/136/113
f 119/142/119 113/136/113 120/143/120
f 120/143/120 113/136/113 114/137/114
f 120/143/120 114/137/114 121/144/121
f 121/144/121 114/137/114 115/138/115
f 121/144/121 115/138/115 122/145/122
f 122/145/122 115/138/115 116/139/116
f 111/134/111 117/140/117 123/146/123
f 123/146/123 117/140/117 124/147/124
f 123/146/123 124/147/124 125/148/125
f 125/148/125 124/147/124 126/149/126
f 125/148/125 126/149/126 127/150/127
f 127/150/127 126/149/126 128/151/128
f 127/150/127 128/151/128 129/152/129
f 129/152/129 128/151/128 130/153/130
f 129/152/129 130/153/130 131/154/131
f 131/154/131 130/153/130 132/155/132
f 131/154/131 132/155/132 133/156/133
f 133/156/133 132/155/132 134/157/134
f 133/156/133 134/157/134 116/158/116
f 116/158/116 134/157/134 122/159/122
f 116/158/116 110/160/110 133/156/133
f 133/156/133 110/160/110 135/161/135
f 133/156/133 135/161/135 131/154/131
f 131/154/131 135/161/135 136/162/136
f 131/154/131 136/162/136 129/152/129
f 129/152/129 136/162/136 137/163/137
f 129/152/129 137/163/137 127/150/127
f 127/150/127 137/163/137 138/164/138
f 127/150/127 138/164/138 125/148/125
f 125/148/125 138/164/138 139/165/139
f 125/148/125 139/165/139 123/146/123
f 123/146/123 139/165/139 140/166/140
f 123/146/123 140/166/140 111/134/111
f 111/134/111 140/166/140 105/128/105
f 110/160/110 104/167/104 135/161/135
f 135/161/135 104/167/104 141/168/141
f 135/161/135 141/168/141 136/162/136
f 136/162/136 141/168/141 142/169/142
f 136/162/136 142/169/142 137/163/137
f 137/163/137 142/169/142 143/170/143
f 137/163/137 143/170/143 138/164/138
f 138/164/138 143/170/143 144/171/144
f 138/164/138 144/171/144 139/165/139
f 139/165/139 144/171/144 145/172/145
f 139/165/139 145/172/145 140/166/140
f 140/166/140 145/172/145 146/173/146
f 140/166/140 146/173/146 105/128/105
f 105/128/105 146/173/146 99/116/99
f 104/167/104 30/174/30 141/168/141
f 141/168/141 30/174/30 31/175/31
f 141/168/141 31/175/31 142/169/142
f 142/169/142 31/175/31 32/176/32
f 142/169/142 32/176/32 143/170/143
f 143/170/143 32/176/32 33/177/33
f 143/170/143 33/177/33 144/171/144
f 144/171/144 33/177/33 35/178/35
f 144/171/144 35/178/35 145/172/145
f 145/172/145 35/178/35 37/179/37
f 145/172/145 37/179/37 146/173/146
f 146/173/146 37/179/37 39/180/39
f 146/173/146 39/180/39 99/116/99
f 99/116/99 39/180/39 41/117/41
usemtl Tex_0149_0_png_003.003
f 239/181/147 240/182/148 241/183/149
f 239/181/147 241/183/149 242/184/150
f 242/184/150 241/183/149 243/185/151
f 242/184/150 243/185/151 244/186/152
f 244/186/152 245/187/153 242/184/150
f 246/188/154 247/189/155 248/190/156
f 249/191/157 246/188/154 250/192/158
f 246/193/154 248/194/156 251/195/159
f 251/195/159 248/194/156 252/196/160
f 251/195/159 252/196/160 253/197/161
f 253/197/161 252/196/160 254/198/162
f 253/197/161 254/198/162 255/199/163
f 253/197/161 255/199/163 256/200/164
f 253/197/161 256/200/164 257/201/165
f 253/197/161 257/201/165 258/202/166
f 253/197/161 258/202/166 259/203/167
f 253/197/161 259/203/167 251/195/159
f 251/195/159 259/203/167 250/204/158
f 251/195/159 250/204/158 246/193/154
f 190/205/168 260/206/169 261/207/170
f 163/208/171 231/209/172 262/210/173
f 262/210/173 231/209/172 233/211/174
f 262/210/173 233/211/174 263/212/175
f 263/212/175 233/211/174 190/205/168
f 263/212/175 190/205/168 264/213/176
f 264/213/176 190/205/168 261/207/170
f 264/213/176 261/207/170 265/214/177
f 264/213/176 265/214/177 266/215/178
f 266/215/178 265/214/177 267/216/179
f 262/210/173 263/212/175 268/217/180
f 268/217/180 263/212/175 264/213/176
f 268/217/180 264/213/176 266/215/178
f 162/218/181 163/208/171 269/219/182
f 269/219/182 163/208/171 270/220/183
f 270/220/183 163/208/171 262/210/173
f 270/220/183 262/210/173 271/221/184
f 271/221/184 262/210/173 268/217/180
f 271/221/184 268/217/180 272/222/185
f 272/222/185 268/217/180 266/215/178
f 272/222/185 266/215/178 273/223/186
f 273/223/186 266/215/178 267/216/179
f 273/223/186 267/216/179 274/224/187
f 274/224/187 267/216/179 275/225/188
f 274/224/187 275/226/188 276/227/189
f 276/227/189 275/226/188 277/228/190
f 276/227/189 277/228/190 278/229/191
f 269/219/182 270/220/183 279/230/192
f 279/230/192 270/220/183 271/221/184
f 279/230/192 271/221/184 280/231/193
f 280/231/193 271/221/184 272/222/185
f 269/219/182 279/230/192 281/232/194
f 281/232/194 279/230/192 282/233/195
f 282/233/195 279/230/192 280/231/193
f 282/233/195 280/231/193 283/234/196
f 283/234/196 280/231/193 284/235/197
f 283/234/196 284/235/197 285/236/198
f 274/224/187 276/227/189 286/237/199
f 286/237/199 276/227/189 278/229/191
f 286/238/199 278/229/191 287/239/200
f 287/239/200 278/229/191 288/240/201
f 287/239/200 288/240/201 289/241/202
f 287/239/200 289/241/202 290/242/203
f 287/239/200 290/242/203 291/243/204
f 287/239/200 291/243/204 292/244/205
f 292/244/205 291/243/204 293/245/206
f 286/238/199 287/239/200 292/244/205
f 272/222/185 273/223/186 294/246/207
f 294/246/207 273/223/186 274/224/187
f 294/246/207 274/224/187 286/237/199
f 294/246/207 286/238/199 295/247/208
f 295/247/208 286/238/199 292/244/205
f 295/247/208 292/244/205 296/248/209
f 296/248/209 292/244/205 293/245/206
f 296/248/209 293/245/206 297/249/210
f 297/249/210 293/245/206 298/250/211
f 297/249/210 298/250/211 299/251/212
f 299/251/212 298/250/211 300/252/213
f 299/251/212 300/252/213 301/253/214
f 301/253/214 300/252/213 302/254/215
f 301/253/214 302/254/215 303/255/216
f 296/248/209 297/249/210 295/247/208
f 295/247/208 297/249/210 304/256/217
f 295/247/208 304/256/217 294/246/207
f 294/246/207 304/256/217 305/257/218
f 305/257/218 304/256/217 306/258/219
f 306/258/219 304/256/217 307/259/220
f 306/258/219 307/259/220 308/260/221
f 308/260/221 307/259/220 309/261/222
f 308/260/221 309/261/222 310/262/223
f 310/262/223 309/261/222 311/263/224
f 311/263/224 309/261/222 303/255/216
f 311/263/224 303/255/216 312/264/225
f 301/253/214 303/255/216 309/261/222
f 301/253/214 309/261/222 299/251/212
f 299/251/212 309/261/222 307/259/220
f 299/251/212 307/259/220 297/249/210
f 297/249/210 307/259/220 304/256/217
f 294/246/207 305/257/218 272/222/185
f 272/222/185 305/257/218 280/231/193
f 280/231/193 305/257/218 306/258/219
f 280/231/193 306/258/219 284/235/197
f 284/235/197 306/258/219 308/260/221
f 284/235/197 308/260/221 285/236/198
f 285/236/198 308/260/221 310/262/223
f 285/236/198 310/262/223 313/265/226
f 313/265/226 310/262/223 311/263/224
f 313/265/226 311/263/224 314/266/227
f 314/266/227 311/263/224 312/264/225
f 314/266/227 312/264/225 315/267/228
f 314/266/227 315/267/228 316/268/229
f 316/268/229 315/267/228 317/269/230
f 318/270/231 319/271/232 320/272/233
f 320/272/233 319/271/232 321/273/234
f 320/272/233 321/273/234 322/274/235
f 322/274/235 321/273/234 323/275/236
f 322/274/235 323/275/236 316/268/229
f 316/268/229 323/275/236 313/265/226
f 316/268/229 313/265/226 314/266/227
f 316/268/229 324/276/237 322/274/235
f 322/274/235 324/276/237 325/277/238
f 322/274/235 325/277/238 326/278/239
f 322/274/235 326/278/239 320/272/233
f 316/268/229 317/269/230 324/276/237
f 324/276/237 317/269/230 327/279/240
f 324/276/237 327/279/240 325/277/238
f 325/277/238 327/279/240 328/280/241
f 325/277/238 328/280/241 277/228/190
f 325/277/238 277/228/190 326/278/239
f 326/281/239 277/228/190 275/225/188
f 317/269/230 329/282/242 327/279/240
f 327/279/240 329/282/242 328/280/241
f 277/228/190 328/280/241 278/229/191
f 278/229/191 328/280/241 288/240/201
f 288/240/201 328/280/241 329/282/242
f 288/240/201 329/282/242 289/241/202
f 289/241/202 329/282/242 330/283/243
f 330/283/243 329/282/242 317/269/230
f 330/283/243 317/269/230 331/284/244
f 331/284/244 317/269/230 315/267/228
f 331/284/244 315/267/228 332/285/245
f 332/285/245 315/267/228 312/264/225
f 332/285/245 312/264/225 333/286/246
f 333/286/246 312/264/225 303/255/216
f 333/286/246 303/255/216 334/287/247
f 334/287/247 303/255/216 302/254/215
f 335/288/248 336/289/249 337/290/250
f 335/288/248 338/291/251 339/292/252
f 335/288/248 339/292/252 340/293/253
f 340/293/253 339/292/252 341/294/254
f 341/294/254 339/292/252 342/295/255
f 342/295/255 339/292/252 343/296/256
f 343/296/256 339/292/252 338/291/251
f 343/296/256 338/291/251 344/297/257
f 344/297/257 338/291/251 345/298/258
f 344/297/257 345/298/258 256/299/164
f 256/299/164 345/298/258 337/290/250
f 256/299/164 337/290/250 257/300/165
f 257/300/165 337/290/250 336/289/249
f 257/300/165 336/289/249 258/301/166
f 258/301/166 336/289/249 259/302/167
f 335/288/248 337/290/250 338/291/251
f 338/291/251 337/290/250 345/298/258
f 256/299/164 255/303/163 344/297/257
f 344/297/257 255/303/163 346/304/259
f 344/297/257 346/304/259 343/296/256
f 255/303/163 254/305/162 346/304/259
f 346/304/259 254/305/162 252/306/160
f 249/307/157 250/308/158 259/302/167
f 249/307/157 259/302/167 347/309/260
f 347/309/260 259/302/167 336/289/249
f 347/309/260 336/289/249 348/310/261
f 348/310/261 336/289/249 335/288/248
f 348/310/261 335/288/248 349/311/262
f 349/311/262 335/288/248 340/293/253
f 349/311/262 340/293/253 350/312/263
f 350/312/263 340/293/253 341/294/254
f 350/312/263 341/294/254 351/313/264
f 351/313/264 341/294/254 352/314/265
f 351/313/264 352/314/265 353/315/266
f 353/315/266 352/314/265 354/316/267
f 321/273/234 354/316/267 323/275/236
f 323/275/236 354/316/267 352/314/265
f 323/275/236 352/314/265 313/265/226
f 313/265/226 352/314/265 341/294/254
f 313/265/226 341/294/254 285/236/198
f 285/236/198 341/294/254 342/295/255
f 285/236/198 342/295/255 283/234/196
f 283/234/196 342/295/255 343/296/256
f 283/234/196 343/296/256 355/317/268
f 355/317/268 343/296/256 346/304/259
f 355/317/268 346/304/259 356/318/269
f 356/318/269 346/304/259 252/306/160
f 356/318/269 252/306/160 247/319/155
f 247/319/155 252/306/160 248/320/156
f 247/319/155 357/321/270 356/318/269
f 356/318/269 357/321/270 358/322/271
f 356/318/269 358/322/271 355/317/268
f 283/234/196 355/317/268 282/233/195
f 282/233/195 355/317/268 358/322/271
f 282/233/195 358/322/271 281/232/194
f 281/232/194 358/322/271 357/321/270
f 281/232/194 357/321/270 359/323/272
f 359/323/272 357/321/270 360/324/273
f 360/324/273 357/321/270 247/319/155
f 360/324/273 247/319/155 361/325/274
f 361/325/274 247/319/155 246/326/154
f 361/325/274 246/326/154 249/307/157
f 269/219/182 281/232/194 359/323/272
f 269/219/182 359/323/272 362/327/275
f 362/327/275 359/323/272 363/328/276
f 363/328/276 359/323/272 360/324/273
f 363/328/276 360/324/273 364/329/277
f 364/329/277 360/324/273 361/325/274
f 364/329/277 361/325/274 365/330/278
f 365/330/278 361/325/274 249/307/157
f 365/330/278 249/307/157 366/331/279
f 366/331/279 249/307/157 347/309/260
f 366/331/279 347/309/260 367/332/280
f 367/332/280 347/309/260 348/310/261
f 367/332/280 348/310/261 368/333/281
f 368/333/281 348/310/261 349/311/262
f 364/329/277 365/330/278 363/328/276
f 363/328/276 365/330/278 369/334/282
f 369/334/282 365/330/278 366/331/279
f 369/334/282 366/331/279 370/335/283
f 370/335/283 366/331/279 367/332/280
f 370/335/283 367/332/280 368/333/281
f 162/218/181 269/219/182 362/327/275
f 162/218/181 362/327/275 160/336/284
f 160/336/284 362/327/275 371/337/285
f 371/337/285 362/327/275 363/328/276
f 371/337/285 363/328/276 372/338/286
f 372/338/286 363/328/276 369/334/282
f 372/338/286 369/334/282 373/339/287
f 373/339/287 369/334/282 370/335/283
f 373/339/287 370/335/283 374/340/288
f 374/340/288 370/335/283 368/333/281
f 374/340/288 368/333/281 375/341/289
f 375/341/289 368/333/281 349/311/262
f 375/341/289 349/311/262 376/342/290
f 376/342/290 349/311/262 350/312/263
f 160/336/284 371/337/285 159/343/291
f 159/343/291 371/337/285 157/344/292
f 157/344/292 371/337/285 372/338/286
f 157/344/292 372/338/286 172/345/293
f 172/345/293 372/338/286 373/339/287
f 172/345/293 373/339/287 170/346/294
f 170/346/294 373/339/287 377/347/295
f 170/346/294 377/347/295 378/348/296
f 378/348/296 377/347/295 379/349/297
f 378/348/296 379/349/297 380/350/298
f 380/350/298 379/349/297 381/351/299
f 380/350/298 381/351/299 382/352/300
f 382/352/300 381/351/299 383/353/301
f 382/352/300 383/353/301 384/354/302
f 382/352/300 385/355/303 380/350/298
f 380/350/298 385/355/303 386/356/304
f 380/350/298 386/356/304 378/348/296
f 378/348/296 386/356/304 166/357/305
f 378/348/296 166/357/305 168/358/306
f 378/348/296 168/358/306 170/346/294
f 385/355/303 164/359/307 386/356/304
f 386/356/304 164/359/307 166/357/305
f 384/354/302 387/360/308 382/352/300
f 382/352/300 387/360/308 385/355/303
f 385/355/303 387/360/308 388/361/309
f 385/355/303 388/361/309 164/359/307
f 164/359/307 388/361/309 389/362/310
f 164/359/307 389/362/310 390/363/311
f 390/363/311 389/362/310 391/364/312
f 390/363/311 391/364/312 392/365/313
f 390/363/311 392/365/313 393/366/314
f 393/366/314 392/365/313 394/367/315
f 393/366/314 394/367/315 224/368/316
f 224/368/316 394/367/315 225/369/317
f 225/369/317 394/367/315 395/370/318
f 225/369/317 395/370/318 226/371/319
f 224/368/316 223/372/320 393/366/314
f 393/366/314 223/372/320 164/359/307
f 393/366/314 164/359/307 390/363/311
f 396/373/321 397/374/322 398/375/323
f 398/375/323 397/374/322 399/376/324
f 398/375/323 399/376/324 392/365/313
f 392/365/313 399/376/324 394/367/315
f 394/367/315 399/376/324 395/370/318
f 395/370/318 399/376/324 400/377/325
f 395/370/318 400/377/325 401/378/326
f 401/378/326 400/377/325 402/379/327
f 401/378/326 402/379/327 403/380/328
f 403/380/328 402/379/327 404/381/329
f 404/381/329 402/379/327 397/374/322
f 404/381/329 397/374/322 405/382/330
f 405/382/330 397/374/322 396/373/321
f 405/382/330 396/373/321 406/383/331
f 395/370/318 401/378/326 226/371/319
f 226/371/319 401/378/326 227/384/332
f 227/384/332 401/378/326 403/380/328
f 227/384/332 403/380/328 228/385/333
f 228/385/333 403/380/328 407/386/334
f 228/385/333 407/386/334 408/387/335
f 408/387/335 407/386/334 409/388/336
f 408/387/335 409/388/336 410/389/337
f 410/389/337 409/388/336 406/383/331
f 410/389/337 406/383/331 411/390/338
f 411/390/338 406/383/331 412/391/339
f 411/390/338 412/391/339 413/392/340
f 413/392/340 412/391/339 414/393/341
f 413/392/340 414/393/341 194/394/342
f 406/383/331 409/388/336 405/382/330
f 405/382/330 409/388/336 407/386/334
f 405/382/330 407/386/334 404/381/329
f 404/381/329 407/386/334 403/380/328
f 408/387/335 410/389/337 415/395/343
f 415/395/343 410/389/337 411/390/338
f 415/395/343 411/390/338 413/392/340
f 228/385/333 408/387/335 229/396/344
f 229/396/344 408/387/335 415/395/343
f 229/396/344 415/395/343 196/397/345
f 196/397/345 415/395/343 413/392/340
f 196/397/345 413/392/340 194/394/342
f 194/394/342 414/393/341 192/398/346
f 192/398/346 414/393/341 416/399/347
f 192/398/346 416/399/347 191/400/348
f 191/400/348 416/399/347 190/205/168
f 190/205/168 416/399/347 417/401/349
f 190/205/168 417/401/349 260/206/169
f 260/206/169 417/401/349 418/402/350
f 418/402/350 417/401/349 419/403/351
f 419/403/351 417/401/349 416/399/347
f 419/403/351 416/399/347 414/393/341
f 419/403/351 414/393/341 412/391/339
f 419/403/351 412/391/339 420/404/352
f 420/404/352 412/391/339 406/383/331
f 420/404/352 406/383/331 396/373/321
f 398/375/323 421/405/353 396/373/321
f 396/373/321 421/405/353 420/404/352
f 402/379/327 400/377/325 397/374/322
f 397/374/322 400/377/325 399/376/324
f 422/406/354 423/407/355 424/408/356
f 424/408/356 423/407/355 425/409/357
f 424/408/356 425/409/357 426/410/358
f 353/315/266 425/409/357 351/313/264
f 351/313/264 425/409/357 423/407/355
f 351/313/264 423/407/355 427/411/359
f 427/411/359 423/407/355 422/406/354
f 427/411/359 422/406/354 428/412/360
f 427/411/359 428/412/360 429/413/361
f 429/413/361 428/412/360 430/414/362
f 429/413/361 430/414/362 431/415/363
f 429/413/361 431/415/363 432/416/364
f 432/416/364 431/415/363 433/417/365
f 432/416/364 433/417/365 434/418/366
f 434/418/366 433/417/365 435/419/367
f 434/418/366 435/420/367 436/421/368
f 436/421/368 435/420/367 437/422/369
f 438/423/370 429/413/361 439/424/371
f 439/424/371 429/413/361 432/416/364
f 439/424/371 432/416/364 440/425/372
f 440/425/372 432/416/364 434/418/366
f 440/425/372 434/418/366 441/426/373
f 441/426/373 434/418/366 436/421/368
f 427/411/359 429/413/361 438/423/370
f 427/411/359 438/423/370 351/313/264
f 351/313/264 438/423/370 350/312/263
f 350/312/263 438/423/370 439/424/371
f 350/312/263 439/424/371 376/342/290
f 376/342/290 439/424/371 440/425/372
f 376/342/290 440/425/372 375/341/289
f 375/341/289 440/425/372 441/426/373
f 375/341/289 441/426/373 381/351/299
f 381/351/299 441/426/373 436/421/368
f 381/351/299 436/421/368 383/353/301
f 383/353/301 436/421/368 442/427/374
f 383/353/301 442/427/374 384/354/302
f 384/354/302 442/427/374 443/428/375
f 373/339/287 374/340/288 377/347/295
f 377/347/295 374/340/288 379/349/297
f 379/349/297 374/340/288 375/341/289
f 379/349/297 375/341/289 381/351/299
f 436/421/368 437/422/369 442/427/374
f 442/427/374 437/422/369 444/429/376
f 442/427/374 444/429/376 443/428/375
f 443/428/375 444/429/376 445/430/377
f 443/428/375 445/430/377 318/270/231
f 318/270/231 445/430/377 446/431/378
f 318/270/231 446/431/378 319/271/232
f 319/271/232 446/431/378 447/432/379
f 447/432/379 446/431/378 448/433/380
f 448/433/380 446/431/378 449/434/381
f 449/434/381 446/431/378 445/430/377
f 449/434/381 445/430/377 450/435/382
f 450/435/382 445/430/377 444/429/376
f 450/435/382 444/429/376 437/422/369
f 435/419/367 451/436/383 437/437/369
f 437/437/369 451/436/383 452/438/384
f 437/437/369 452/438/384 450/435/382
f 450/435/382 452/438/384 453/439/385
f 450/435/382 453/439/385 449/434/381
f 449/434/381 454/440/386 448/433/380
f 448/433/380 454/440/386 426/410/358
f 448/433/380 426/410/358 447/432/379
f 447/432/379 426/410/358 425/409/357
f 447/432/379 425/409/357 319/271/232
f 319/271/232 425/409/357 353/315/266
f 319/271/232 353/315/266 321/273/234
f 321/273/234 353/315/266 354/316/267
f 455/441/387 456/442/388 451/436/383
f 451/436/383 456/442/388 457/443/389
f 451/436/383 457/443/389 452/438/384
f 452/438/384 457/443/389 458/444/390
f 452/438/384 458/444/390 459/445/391
f 452/438/384 459/445/391 453/439/385
f 453/439/385 459/445/391 454/440/386
f 454/440/386 459/445/391 460/446/392
f 454/440/386 460/446/392 426/410/358
f 426/410/358 460/446/392 461/447/393
f 426/410/358 461/447/393 424/408/356
f 424/408/356 461/447/393 462/448/394
f 451/436/383 435/419/367 455/441/387
f 455/441/387 435/419/367 433/417/365
f 455/441/387 433/417/365 456/442/388
f 456/442/388 433/417/365 463/449/395
f 463/449/395 433/417/365 431/415/363
f 463/449/395 431/415/363 464/450/396
f 464/450/396 431/415/363 430/414/362
f 464/450/396 430/414/362 465/451/397
f 465/451/397 430/414/362 428/412/360
f 465/451/397 428/412/360 466/452/398
f 466/452/398 428/412/360 467/453/399
f 467/453/399 428/412/360 422/406/354
f 467/453/399 422/406/354 462/448/394
f 462/448/394 422/406/354 424/408/356
f 468/454/400 275/455/188 469/456/401
f 469/456/401 275/455/188 267/457/179
f 469/456/401 267/457/179 470/458/402
f 470/458/402 267/457/179 471/459/403
f 471/459/403 267/457/179 265/460/177
f 471/459/403 265/460/177 472/461/404
f 472/461/404 265/460/177 261/462/170
f 472/461/404 261/462/170 260/463/169
f 326/464/239 275/455/188 468/454/400
f 326/464/239 468/454/400 320/465/233
f 320/465/233 468/454/400 473/466/405
f 320/465/233 473/466/405 474/467/406
f 320/465/233 474/467/406 318/468/231
f 318/468/231 474/467/406 443/469/375
f 443/469/375 474/467/406 475/470/407
f 443/469/375 475/470/407 384/471/302
f 384/471/302 475/470/407 476/472/408
f 384/471/302 476/472/408 477/473/409
f 384/471/302 477/473/409 387/474/308
f 387/474/308 477/473/409 478/475/410
f 387/474/308 478/475/410 388/476/309
f 388/476/309 478/475/410 389/477/310
f 418/478/350 419/479/351 479/480/411
f 479/480/411 419/479/351 420/481/352
f 479/480/411 420/481/352 480/482/412
f 480/482/412 420/481/352 421/483/353
f 480/482/412 421/483/353 481/484/413
f 481/484/413 421/483/353 482/485/414
f 482/485/414 421/483/353 398/486/323
f 482/485/414 398/486/323 483/487/415
f 483/487/415 398/486/323 392/488/313
f 483/487/415 392/488/313 391/489/312
f 484/490/416 485/491/417 486/492/418
f 485/491/417 487/493/419 486/492/418
f 486/492/418 487/493/419 488/494/420
f 486/492/418 488/494/420 489/495/421
f 489/495/421 488/494/420 490/496/422
f 489/495/421 490/496/422 491/497/423
f 491/497/423 490/496/422 492/498/424
f 487/493/419 493/499/425 488/494/420
f 488/494/420 493/499/425 494/500/426
f 488/494/420 494/500/426 490/496/422
f 490/496/422 494/500/426 495/501/427
f 490/496/422 495/501/427 492/498/424
f 492/498/424 495/501/427 496/502/428
f 493/499/425 497/503/429 494/500/426
f 494/500/426 497/503/429 498/504/430
f 494/500/426 498/504/430 495/501/427
f 495/501/427 498/504/430 499/505/431
f 495/501/427 499/505/431 496/502/428
f 496/502/428 499/505/431 500/506/432
f 497/503/429 501/507/433 498/504/430
f 498/504/430 501/507/433 499/505/431
f 501/507/433 502/508/434 499/505/431
f 499/505/431 502/508/434 500/506/432
f 489/495/421 491/497/423 503/509/435
f 500/506/432 502/508/434 504/510/436
f 505/511/437 506/512/438 507/513/439
f 507/513/439 506/512/438 508/514/440
f 507/513/439 508/514/440 509/515/441
f 509/515/441 508/514/440 510/516/442
f 509/515/441 510/516/442 511/517/443
f 511/517/443 510/516/442 512/518/444
f 511/517/443 512/518/444 513/519/445
f 513/519/445 512/518/444 514/520/446
f 513/519/445 514/520/446 501/507/433
f 501/507/433 514/520/446 515/521/447
f 501/507/433 515/521/447 502/508/434
f 502/508/434 515/521/447 516/522/448
f 502/508/434 516/522/448 504/510/436
f 515/521/447 514/520/446 517/523/449
f 517/523/449 514/520/446 512/518/444
f 517/523/449 512/518/444 518/524/450
f 518/524/450 512/518/444 510/516/442
f 518/524/450 510/516/442 519/525/451
f 519/525/451 510/516/442 508/514/440
f 519/525/451 508/514/440 520/526/452
f 520/526/452 508/514/440 506/512/438
f 520/526/452 506/512/438 521/527/453
f 521/527/453 506/512/438 522/528/454
f 521/527/453 522/528/454 523/529/455
f 523/529/455 522/528/454 484/490/416
f 516/522/448 515/521/447 524/530/456
f 524/530/456 515/521/447 517/523/449
f 524/530/456 517/523/449 525/531/457
f 525/531/457 517/523/449 518/524/450
f 525/531/457 518/524/450 526/532/458
f 526/532/458 518/524/450 519/525/451
f 526/532/458 519/525/451 527/533/459
f 527/533/459 519/525/451 520/526/452
f 527/533/459 520/526/452 528/534/460
f 528/534/460 520/526/452 521/527/453
f 528/534/460 521/527/453 529/535/461
f 529/535/461 521/527/453 523/529/455
f 529/535/461 523/529/455 486/492/418
f 486/492/418 523/529/455 484/490/416
f 486/492/418 489/495/421 529/535/461
f 529/535/461 489/495/421 503/509/435
f 529/535/461 503/509/435 528/534/460
f 506/512/438 505/511/437 522/528/454
f 484/490/416 522/528/454 530/536/462
f 530/536/462 522/528/454 505/511/437
f 531/537/463 532/538/464 533/539/465
f 534/540/466 532/538/464 535/541/467
f 535/541/467 532/538/464 531/537/463
f 536/542/468 537/543/469 538/544/470
f 538/544/470 537/543/469 539/545/471
f 538/544/470 539/545/471 540/546/472
f 540/546/472 539/545/471 541/547/473
f 540/546/472 541/547/473 534/540/466
f 534/540/466 541/547/473 542/548/474
f 534/540/466 542/548/474 532/538/464
f 532/538/464 542/548/474 543/549/475
f 532/538/464 543/549/475 533/539/465
f 537/543/469 544/550/476 539/545/471
f 539/545/471 544/550/476 545/551/477
f 539/545/471 545/551/477 541/547/473
f 541/547/473 545/551/477 542/548/474
f 544/550/476 546/552/478 545/551/477
f 545/551/477 546/552/478 547/553/479
f 545/551/477 547/553/479 542/548/474
f 542/548/474 547/553/479 543/549/475
f 536/542/468 548/554/480 537/543/469
f 537/543/469 548/554/480 549/555/481
f 537/543/469 549/555/481 544/550/476
f 544/550/476 549/555/481 550/556/482
f 544/550/476 550/556/482 546/552/478
f 551/557/483 552/558/484 553/559/485
f 553/559/485 552/558/484 554/560/486
f 553/559/485 554/560/486 548/554/480
f 548/554/480 554/560/486 555/561/487
f 548/554/480 555/561/487 549/555/481
f 549/555/481 555/561/487 556/562/488
f 549/555/481 556/562/488 550/556/482
f 552/558/484 557/563/489 554/560/486
f 554/560/486 557/563/489 555/561/487
f 557/563/489 558/564/490 555/561/487
f 555/561/487 558/564/490 556/562/488
f 559/565/491 558/564/490 560/566/492
f 560/566/492 558/564/490 557/563/489
f 560/566/492 557/563/489 561/567/493
f 561/567/493 557/563/489 552/558/484
f 561/567/493 552/558/484 562/568/494
f 562/568/494 552/558/484 551/557/483
f 562/568/494 563/569/495 561/567/493
f 561/567/493 563/569/495 564/570/496
f 561/567/493 564/570/496 560/566/492
f 560/566/492 564/570/496 565/571/497
f 560/566/492 565/571/497 559/565/491
f 559/565/491 565/571/497 566/572/498
f 563/569/495 567/573/499 564/570/496
f 564/570/496 567/573/499 568/574/500
f 564/570/496 568/574/500 565/571/497
f 565/571/497 568/574/500 569/575/501
f 565/571/497 569/575/501 566/572/498
f 566/572/498 569/575/501 570/576/502
f 567/573/499 571/577/503 568/574/500
f 568/574/500 571/577/503 572/578/504
f 568/574/500 572/578/504 569/575/501
f 569/575/501 572/578/504 573/579/505
f 569/575/501 573/579/505 570/576/502
f 570/576/502 573/579/505 574/580/506
f 571/577/503 575/581/507 572/578/504
f 572/578/504 575/581/507 576/582/508
f 572/578/504 576/582/508 573/579/505
f 573/579/505 576/582/508 535/541/467
f 573/579/505 535/541/467 574/580/506
f 574/580/506 535/541/467 531/537/463
f 575/581/507 534/540/466 576/582/508
f 576/582/508 534/540/466 535/541/467
f 540/546/472 534/540/466 577/583/509
f 577/583/509 534/540/466 575/581/507
f 513/519/445 501/507/433 578/584/510
f 578/584/510 501/507/433 497/503/429
f 553/559/485 548/554/480 579/585/511
f 579/585/511 548/554/480 536/542/468
f 580/586/512 389/587/310 478/588/410
f 581/589/513 389/587/310 580/586/512
f 581/589/513 580/586/512 582/590/514
f 582/590/514 580/586/512 583/591/515
f 583/591/515 580/586/512 478/588/410
f 583/591/515 478/588/410 584/592/516
f 584/592/516 478/588/410 477/593/409
f 584/592/516 477/593/409 585/594/517
f 584/592/516 585/594/517 586/595/518
f 586/595/518 585/594/517 587/596/519
f 586/595/518 587/596/519 588/597/520
f 588/597/520 587/596/519 589/598/521
f 588/597/520 589/598/521 590/599/522
f 590/599/522 589/598/521 591/600/523
f 590/599/522 591/600/523 592/601/524
f 584/592/516 586/595/518 593/602/525
f 593/602/525 586/595/518 594/603/526
f 594/603/526 586/595/518 588/597/520
f 594/603/526 588/597/520 595/604/527
f 595/604/527 588/597/520 590/599/522
f 595/604/527 590/599/522 596/605/528
f 596/605/528 590/599/522 592/601/524
f 596/605/528 592/601/524 597/606/529
f 597/606/529 592/601/524 598/607/530
f 597/606/529 598/607/530 599/608/531
f 599/608/531 598/607/530 600/609/532
f 599/608/531 600/609/532 601/610/533
f 599/608/531 601/610/533 602/611/534
f 603/612/535 604/613/536 605/614/537
f 605/614/537 604/613/536 593/602/525
f 605/614/537 593/602/525 606/615/538
f 606/615/538 593/602/525 594/603/526
f 606/615/538 594/603/526 607/616/539
f 607/616/539 594/603/526 595/604/527
f 607/616/539 595/604/527 596/605/528
f 607/616/539 596/605/528 608/617/540
f 608/617/540 596/605/528 597/606/529
f 608/617/540 597/606/529 609/618/541
f 609/618/541 597/606/529 599/608/531
f 609/618/541 599/608/531 610/619/542
f 610/619/542 599/608/531 611/620/543
f 611/620/543 599/608/531 602/611/534
f 612/621/544 613/622/545 614/623/546
f 614/623/546 613/622/545 605/614/537
f 614/623/546 605/614/537 615/624/547
f 615/624/547 605/614/537 606/615/538
f 615/624/547 606/615/538 616/625/548
f 616/625/548 606/615/538 607/616/539
f 616/625/548 607/616/539 608/617/540
f 616/625/548 608/617/540 617/626/549
f 617/626/549 608/617/540 609/618/541
f 617/626/549 609/618/541 618/627/550
f 613/622/545 612/621/544 619/628/551
f 613/622/545 619/628/551 620/629/552
f 620/629/552 619/628/551 621/630/553
f 620/629/552 621/630/553 622/631/554
f 622/631/554 621/630/553 618/632/550
f 622/631/554 618/632/550 609/633/541
f 622/631/554 609/633/541 610/634/542
f 622/631/554 610/634/542 623/635/555
f 623/635/555 610/634/542 611/636/543
f 623/635/555 611/636/543 602/637/534
f 623/635/555 602/637/534 624/638/556
f 624/638/556 602/637/534 601/639/533
f 624/638/556 601/639/533 625/640/557
f 624/638/556 625/640/557 626/641/558
f 624/638/556 627/642/559 628/643/560
f 624/638/556 628/643/560 623/635/555
f 623/635/555 628/643/560 622/631/554
f 622/631/554 628/643/560 620/629/552
f 620/629/552 628/643/560 629/644/561
f 629/644/561 628/643/560 627/642/559
f 629/644/561 627/642/559 630/645/562
f 624/638/556 626/641/558 627/642/559
f 627/642/559 626/641/558 631/646/563
f 627/642/559 631/646/563 632/647/564
f 632/647/564 631/646/563 633/648/565
f 632/647/564 633/648/565 634/649/566
f 632/647/564 634/649/566 635/650/567
f 635/650/567 634/649/566 636/651/568
f 635/650/567 636/651/568 637/652/569
f 637/652/569 636/651/568 638/653/570
f 637/652/569 638/653/570 639/654/571
f 639/654/571 638/653/570 640/655/572
f 640/655/572 638/653/570 641/656/573
f 640/655/572 641/656/573 601/610/533
f 601/610/533 641/656/573 625/657/557
f 630/645/562 627/642/559 642/658/574
f 642/658/574 627/642/559 632/647/564
f 642/658/574 632/647/564 643/659/575
f 643/659/575 632/647/564 635/650/567
f 643/659/575 635/650/567 644/660/576
f 644/660/576 635/650/567 645/661/577
f 645/661/577 635/650/567 637/652/569
f 646/662/578 637/652/569 639/654/571
f 646/662/578 639/654/571 647/663/579
f 647/663/579 639/654/571 648/664/580
f 648/664/580 639/654/571 640/655/572
f 648/664/580 640/655/572 600/609/532
f 600/609/532 640/655/572 601/610/533
f 629/644/561 630/645/562 649/665/581
f 649/665/581 630/645/562 642/658/574
f 649/665/581 642/658/574 650/666/582
f 650/666/582 642/658/574 643/659/575
f 650/666/582 643/659/575 651/667/583
f 651/667/583 643/659/575 644/660/576
f 651/667/583 644/660/576 652/668/584
f 652/668/584 644/660/576 653/669/585
f 653/669/585 644/660/576 645/661/577
f 653/669/585 645/661/577 654/670/586
f 655/671/587 646/662/578 647/663/579
f 655/671/587 647/663/579 656/672/588
f 647/663/579 648/664/580 656/672/588
f 656/672/588 648/664/580 657/673/589
f 657/673/589 648/664/580 600/609/532
f 657/673/589 600/609/532 598/607/530
f 657/673/589 598/607/530 658/674/590
f 657/673/589 658/674/590 656/672/588
f 656/672/588 658/674/590 659/675/591
f 656/672/588 659/675/591 655/671/587
f 655/671/587 659/675/591 660/676/592
f 654/670/586 661/677/593 653/669/585
f 653/669/585 661/677/593 471/678/403
f 653/669/585 471/678/403 472/679/404
f 592/601/524 591/600/523 598/607/530
f 598/607/530 591/600/523 662/680/594
f 598/607/530 662/680/594 658/674/590
f 658/674/590 662/680/594 663/681/595
f 658/674/590 663/681/595 659/675/591
f 659/675/591 663/681/595 664/682/596
f 659/675/591 664/682/596 660/676/592
f 660/676/592 664/682/596 665/683/597
f 661/677/593 665/683/597 666/684/598
f 661/677/593 666/684/598 471/678/403
f 471/678/403 666/684/598 667/685/599
f 471/678/403 667/685/599 470/686/402
f 470/686/402 667/685/599 469/687/401
f 591/600/523 589/598/521 668/688/600
f 591/600/523 668/688/600 662/680/594
f 662/680/594 668/688/600 669/689/601
f 662/680/594 669/689/601 663/681/595
f 663/681/595 669/689/601 670/690/602
f 670/690/602 669/689/601 668/688/600
f 670/690/602 668/688/600 671/691/603
f 671/691/603 668/688/600 672/692/604
f 671/691/603 672/692/604 673/693/605
f 673/693/605 672/692/604 674/694/606
f 673/693/605 674/694/606 675/695/607
f 675/695/607 674/694/606 676/696/608
f 675/695/607 676/696/608 677/697/609
f 677/697/609 676/696/608 678/698/610
f 668/688/600 589/598/521 672/692/604
f 672/692/604 589/598/521 587/596/519
f 672/692/604 587/596/519 674/694/606
f 674/694/606 587/596/519 585/594/517
f 674/694/606 585/594/517 676/696/608
f 676/696/608 585/594/517 477/593/409
f 676/696/608 477/593/409 679/699/611
f 679/699/611 477/593/409 476/700/408
f 679/699/611 476/700/408 475/701/407
f 679/699/611 475/701/407 678/698/610
f 679/699/611 678/698/610 676/696/608
f 678/698/610 475/701/407 680/702/612
f 680/702/612 475/701/407 474/703/406
f 680/702/612 474/703/406 681/704/613
f 680/702/612 681/704/613 682/705/614
f 682/705/614 681/704/613 683/706/615
f 682/705/614 683/706/615 684/707/616
f 682/705/614 684/707/616 685/708/617
f 685/708/617 684/707/616 686/709/618
f 685/708/617 686/709/618 687/710/619
f 687/710/619 686/709/618 688/711/620
f 688/711/620 686/709/618 689/712/621
f 688/711/620 689/712/621 690/713/622
f 688/711/620 690/713/622 691/714/623
f 691/714/623 690/713/622 692/715/624
f 690/713/622 689/712/621 693/716/625
f 693/716/625 689/712/621 686/709/618
f 693/716/625 686/709/618 694/717/626
f 694/717/626 686/709/618 695/718/627
f 695/718/627 686/709/618 684/707/616
f 683/706/615 696/719/628 684/707/616
f 684/707/616 696/719/628 695/718/627
f 695/718/627 696/719/628 697/720/629
f 695/718/627 697/720/629 698/721/630
f 695/718/627 698/721/630 694/717/626
f 694/717/626 698/721/630 699/722/631
f 694/717/626 699/722/631 693/716/625
f 693/716/625 699/722/631 700/723/632
f 693/716/625 700/723/632 701/724/633
f 701/724/633 700/723/632 702/725/634
f 701/724/633 702/725/634 703/726/635
f 701/724/633 703/726/635 692/715/624
f 701/724/633 692/715/624 690/713/622
f 701/724/633 690/713/622 693/716/625
f 697/720/629 704/727/636 698/721/630
f 698/721/630 704/727/636 705/728/637
f 698/721/630 705/728/637 699/722/631
f 699/722/631 705/728/637 706/729/638
f 699/722/631 706/729/638 700/723/632
f 700/723/632 706/729/638 707/730/639
f 700/723/632 707/730/639 702/725/634
f 702/725/634 707/730/639 708/731/640
f 702/725/634 708/731/640 709/732/641
f 709/732/641 708/731/640 710/733/642
f 710/733/642 708/731/640 711/734/643
f 711/734/643 708/731/640 245/187/153
f 245/187/153 708/731/640 707/730/639
f 245/187/153 707/730/639 242/184/150
f 707/730/639 706/729/638 242/184/150
f 242/184/150 706/729/638 239/181/147
f 239/181/147 706/729/638 705/728/637
f 239/181/147 705/728/637 704/727/636
f 239/181/147 704/727/636 712/735/644
f 239/181/147 712/735/644 240/182/148
f 241/183/149 240/182/148 713/736/645
f 241/183/149 713/736/645 714/737/646
f 714/737/646 713/736/645 715/738/647
f 715/738/647 713/736/645 716/739/648
f 715/738/647 716/739/648 717/740/649
f 717/740/649 716/739/648 718/741/650
f 717/740/649 718/741/650 719/742/651
f 243/185/151 241/183/149 714/737/646
f 243/185/151 714/737/646 720/743/652
f 720/743/652 714/737/646 721/744/653
f 721/744/653 714/737/646 715/738/647
f 721/744/653 715/738/647 717/740/649
f 721/744/653 717/740/649 722/745/654
f 722/745/654 717/740/649 723/746/655
f 722/745/654 723/746/655 724/747/656
f 724/747/656 723/746/655 725/748/657
f 724/747/656 725/748/657 726/749/658
f 724/747/656 726/749/658 727/750/659
f 727/750/659 726/749/658 728/751/660
f 724/747/656 727/750/659 729/752/661
f 724/747/656 729/752/661 722/745/654
f 722/745/654 729/752/661 730/753/662
f 722/745/654 730/753/662 721/744/653
f 721/744/653 730/753/662 720/743/652
f 720/743/652 730/753/662 731/754/663
f 731/754/663 730/753/662 732/755/664
f 731/754/663 732/755/664 733/756/665
f 733/756/665 732/755/664 734/757/666
f 734/757/666 732/755/664 735/758/667
f 734/757/666 735/758/667 736/759/668
f 736/759/668 735/758/667 727/750/659
f 736/759/668 727/750/659 737/760/669
f 737/760/669 727/750/659 728/751/660
f 727/750/659 735/758/667 729/752/661
f 729/752/661 735/758/667 732/755/664
f 729/752/661 732/755/664 730/753/662
f 738/761/670 725/748/657 723/746/655
f 739/762/671 740/763/672 741/764/673
f 741/764/673 740/763/672 719/742/651
f 719/742/651 740/763/672 742/765/674
f 719/742/651 742/765/674 717/740/649
f 717/740/649 742/765/674 723/746/655
f 723/746/655 742/765/674 738/761/670
f 738/761/670 742/765/674 740/763/672
f 743/766/675 739/762/671 744/767/676
f 744/767/676 739/762/671 741/764/673
f 744/767/676 741/764/673 719/742/651
f 744/767/676 719/742/651 745/768/677
f 745/768/677 719/742/651 746/769/678
f 664/682/596 663/681/595 747/770/679
f 747/770/679 663/681/595 670/690/602
f 747/770/679 670/690/602 746/769/678
f 746/769/678 670/690/602 671/691/603
f 746/769/678 671/691/603 745/768/677
f 745/768/677 671/691/603 673/693/605
f 745/768/677 673/693/605 744/767/676
f 744/767/676 673/693/605 675/695/607
f 744/767/676 675/695/607 743/766/675
f 743/766/675 675/695/607 748/771/680
f 748/771/680 675/695/607 677/697/609
f 748/771/680 677/697/609 749/772/681
f 748/771/680 749/772/681 750/773/682
f 750/773/682 749/772/681 751/774/683
f 746/769/678 752/775/684 747/770/679
f 747/770/679 752/775/684 753/776/685
f 664/682/596 747/770/679 753/776/685
f 664/682/596 753/776/685 665/683/597
f 665/683/597 753/776/685 754/777/686
f 665/683/597 754/777/686 666/684/598
f 666/684/598 754/777/686 755/778/687
f 755/778/687 754/777/686 756/779/688
f 756/779/688 754/777/686 757/780/689
f 757/780/689 754/777/686 758/781/690
f 758/781/690 754/777/686 753/776/685
f 758/781/690 753/776/685 752/775/684
f 758/781/690 752/775/684 716/739/648
f 716/739/648 752/775/684 746/769/678
f 716/739/648 746/769/678 718/741/650
f 718/741/650 746/769/678 719/742/651
f 667/685/599 666/684/598 759/782/691
f 759/782/691 666/684/598 755/778/687
f 759/782/691 755/778/687 760/783/692
f 760/783/692 755/778/687 756/779/688
f 760/783/692 756/779/688 761/784/693
f 761/784/693 756/779/688 757/780/689
f 761/784/693 757/780/689 762/785/694
f 762/785/694 757/780/689 758/781/690
f 762/785/694 758/781/690 763/786/695
f 763/786/695 758/781/690 716/739/648
f 763/786/695 716/739/648 713/736/645
f 763/786/695 713/736/645 762/785/694
f 762/785/694 713/736/645 240/182/148
f 762/785/694 240/182/148 712/735/644
f 762/785/694 712/735/644 761/784/693
f 761/784/693 712/735/644 704/727/636
f 761/784/693 704/727/636 764/787/696
f 761/784/693 764/787/696 760/783/692
f 760/783/692 764/787/696 765/788/697
f 760/783/692 765/788/697 766/789/698
f 760/783/692 766/789/698 759/782/691
f 759/782/691 766/789/698 469/687/401
f 759/782/691 469/687/401 667/685/599
f 469/687/401 766/789/698 468/790/400
f 468/790/400 766/789/698 767/791/699
f 468/790/400 767/791/699 768/792/700
f 468/790/400 768/792/700 473/793/405
f 473/793/405 768/792/700 474/703/406
f 474/703/406 768/792/700 681/704/613
f 681/704/613 768/792/700 683/706/615
f 683/706/615 768/792/700 767/791/699
f 683/706/615 767/791/699 696/719/628
f 696/719/628 767/791/699 766/789/698
f 696/719/628 766/789/698 765/788/697
f 696/719/628 765/788/697 697/720/629
f 697/720/629 765/788/697 764/787/696
f 697/720/629 764/787/696 704/727/636
f 769/794/701 691/714/623 692/715/624
f 770/795/702 771/796/703 772/797/704
f 772/797/704 771/796/703 769/794/701
f 772/797/704 769/794/701 692/715/624
f 772/797/704 692/715/624 773/798/705
f 773/798/705 692/715/624 774/799/706
f 774/799/706 692/715/624 703/726/635
f 774/799/706 703/726/635 702/725/634
f 774/799/706 702/725/634 709/732/641
f 769/794/701 771/796/703 691/714/623
f 691/714/623 771/796/703 775/800/707
f 691/714/623 775/800/707 688/711/620
f 688/711/620 775/800/707 776/801/708
f 688/711/620 776/801/708 687/710/619
f 687/710/619 776/801/708 777/802/709
f 687/710/619 777/802/709 685/708/617
f 685/708/617 777/802/709 778/803/710
f 685/708/617 778/803/710 682/705/614
f 682/705/614 778/803/710 779/804/711
f 682/705/614 779/804/711 680/702/612
f 680/702/612 779/804/711 749/772/681
f 680/702/612 749/772/681 678/698/610
f 678/698/610 749/772/681 677/697/609
f 749/772/681 779/804/711 751/774/683
f 751/774/683 779/804/711 778/803/710
f 751/774/683 778/803/710 780/805/712
f 780/805/712 778/803/710 777/802/709
f 780/805/712 777/802/709 781/806/713
f 781/806/713 777/802/709 776/801/708
f 781/806/713 776/801/708 782/807/714
f 782/807/714 776/801/708 775/800/707
f 782/807/714 775/800/707 783/808/715
f 783/808/715 775/800/707 771/796/703
f 783/808/715 771/796/703 784/809/716
f 784/809/716 771/796/703 770/795/702
f 784/809/716 770/795/702 785/810/717
f 784/809/716 785/810/717 786/811/718
f 751/774/683 780/805/712 750/773/682
f 750/773/682 780/805/712 787/812/719
f 787/812/719 780/805/712 788/813/720
f 788/813/720 780/805/712 781/806/713
f 788/813/720 781/806/713 782/807/714
f 788/813/720 782/807/714 789/814/721
f 789/814/721 782/807/714 783/808/715
f 789/814/721 783/808/715 790/815/722
f 790/815/722 783/808/715 784/809/716
f 790/815/722 784/809/716 786/811/718
f 790/815/722 786/811/718 791/816/723
f 790/815/722 791/816/723 789/814/721
f 789/814/721 791/816/723 792/817/724
f 789/814/721 792/817/724 793/818/725
f 789/814/721 793/818/725 788/813/720
f 788/813/720 793/818/725 794/819/726
f 788/813/720 794/819/726 787/812/719
f 787/812/719 794/819/726 739/762/671
f 787/812/719 739/762/671 750/773/682
f 750/773/682 739/762/671 743/766/675
f 750/773/682 743/766/675 748/771/680
f 791/816/723 786/811/718 795/820/727
f 795/820/727 786/811/718 796/821/728
f 795/820/727 796/821/728 728/751/660
f 795/820/727 728/751/660 726/749/658
f 795/820/727 726/749/658 791/816/723
f 791/816/723 726/749/658 725/748/657
f 791/816/723 725/748/657 792/817/724
f 792/817/724 725/748/657 738/761/670
f 792/817/724 738/761/670 793/818/725
f 793/818/725 738/761/670 740/763/672
f 793/818/725 740/763/672 794/819/726
f 794/819/726 740/763/672 739/762/671
f 733/756/665 734/757/666 797/822/729
f 797/822/729 734/757/666 736/759/668
f 797/822/729 736/759/668 798/823/730
f 798/823/730 736/759/668 796/824/728
f 796/824/728 736/759/668 737/760/669
f 796/824/728 737/760/669 728/751/660
f 244/186/152 243/185/151 720/743/652
f 244/186/152 720/743/652 731/754/663
f 244/186/152 731/754/663 799/825/731
f 799/825/731 731/754/663 733/756/665
f 799/825/731 733/756/665 797/826/729
f 799/825/731 797/826/729 711/734/643
f 799/825/731 711/734/643 244/186/152
f 244/186/152 711/734/643 245/187/153
f 785/810/717 800/827/732 786/811/718
f 786/811/718 800/827/732 796/821/728
f 796/821/728 800/827/732 801/828/733
f 796/821/728 801/828/733 798/829/730
f 798/829/730 801/828/733 797/826/729
f 797/826/729 801/828/733 802/830/734
f 797/826/729 802/830/734 711/734/643
f 711/734/643 802/830/734 710/733/642
f 710/733/642 802/830/734 801/828/733
f 710/733/642 801/828/733 803/831/735
f 803/831/735 801/828/733 785/810/717
f 785/810/717 801/828/733 800/827/732
f 804/832/736 805/833/737 806/834/738
f 804/832/736 807/835/739 808/836/740
f 808/836/740 807/835/739 809/837/741
f 808/836/740 809/837/741 810/838/742
f 808/836/740 810/838/742 811/839/743
f 808/836/740 811/839/743 812/840/744
f 812/840/744 811/839/743 813/841/745
f 812/840/744 813/841/745 814/842/746
f 812/840/744 814/842/746 815/843/747
f 812/840/744 815/843/747 805/833/737
f 805/833/737 815/843/747 816/844/748
f 805/833/737 816/844/748 806/834/738
f 813/841/745 817/845/749 814/842/746
f 814/842/746 817/845/749 818/846/750
f 814/842/746 818/846/750 815/843/747
f 815/843/747 818/846/750 819/847/751
f 815/843/747 819/847/751 816/844/748
f 816/844/748 819/847/751 820/848/752
f 816/844/748 820/848/752 821/849/753
f 822/850/754 821/849/753 823/851/755
f 822/850/754 823/851/755 824/852/756
f 824/852/756 823/851/755 825/853/757
f 825/853/757 823/851/755 826/854/758
f 825/853/757 826/854/758 827/855/759
f 827/855/759 826/854/758 828/856/760
f 822/850/754 824/852/756 829/857/761
f 829/857/761 824/852/756 830/858/762
f 830/858/762 824/852/756 825/853/757
f 830/858/762 825/853/757 831/859/763
f 831/859/763 825/853/757 832/860/764
f 832/860/764 825/853/757 827/855/759
f 832/860/764 833/861/765 831/859/763
f 831/859/763 833/861/765 834/862/766
f 831/859/763 834/862/766 830/858/762
f 830/858/762 834/862/766 835/863/767
f 830/858/762 835/863/767 829/857/761
f 829/857/761 835/863/767 836/864/768
f 829/857/761 836/864/768 837/865/769
f 837/865/769 836/864/768 838/866/770
f 837/865/769 838/866/770 839/867/771
f 839/867/771 838/866/770 840/868/772
f 839/867/771 840/868/772 841/869/773
f 839/867/771 841/869/773 837/865/769
f 833/861/765 842/870/774 834/862/766
f 834/862/766 842/870/774 843/871/775
f 834/862/766 843/871/775 835/863/767
f 835/863/767 843/871/775 844/872/776
f 835/863/767 844/872/776 836/864/768
f 836/864/768 844/872/776 838/866/770
f 838/866/770 844/872/776 840/873/772
f 840/873/772 844/872/776 843/871/775
f 840/873/772 843/871/775 842/870/774
f 806/834/738 837/865/769 804/832/736
f 804/832/736 837/865/769 841/869/773
f 804/832/736 841/869/773 807/835/739
f 807/835/739 841/869/773 840/874/772
f 807/835/739 840/874/772 809/837/741
f 809/837/741 840/874/772 842/875/774
f 809/837/741 842/875/774 833/876/765
f 809/837/741 833/876/765 810/838/742
f 810/838/742 833/876/765 832/877/764
f 810/838/742 832/877/764 811/839/743
f 811/839/743 832/877/764 827/878/759
f 811/839/743 827/878/759 813/841/745
f 813/841/745 827/878/759 828/879/760
f 813/841/745 828/879/760 817/845/749
f 804/832/736 808/836/740 805/833/737
f 805/833/737 808/836/740 812/840/744
f 845/880/777 846/881/778 847/882/779
f 848/883/780 845/880/777 849/884/781
f 849/884/781 845/880/777 847/882/779
f 849/884/781 847/882/779 850/885/782
f 850/885/782 847/882/779 636/886/568
f 636/886/568 847/882/779 638/887/570
f 638/887/570 847/882/779 641/888/573
f 641/888/573 847/882/779 846/881/778
f 641/888/573 846/881/778 625/889/557
f 625/889/557 846/881/778 851/890/783
f 625/889/557 851/890/783 626/891/558
f 626/891/558 851/890/783 852/892/784
f 852/892/784 851/890/783 853/893/785
f 853/893/785 851/890/783 854/894/786
f 853/893/785 854/894/786 855/895/787
f 631/896/563 626/891/558 856/897/788
f 856/897/788 626/891/558 852/892/784
f 856/897/788 852/892/784 857/898/789
f 857/898/789 852/892/784 853/893/785
f 857/898/789 853/893/785 858/899/790
f 858/899/790 853/893/785 855/895/787
f 858/899/790 855/895/787 859/900/791
f 859/900/791 855/895/787 860/901/792
f 859/900/791 860/901/792 861/902/793
f 861/902/793 860/901/792 862/903/794
f 861/902/793 862/903/794 863/904/795
f 863/904/795 862/903/794 864/905/796
f 863/904/795 864/905/796 848/883/780
f 848/883/780 864/905/796 845/880/777
f 860/901/792 855/895/787 862/903/794
f 862/903/794 855/895/787 864/905/796
f 855/895/787 854/894/786 864/905/796
f 864/905/796 854/894/786 845/880/777
f 845/880/777 854/894/786 846/881/778
f 846/881/778 854/894/786 851/890/783
f 861/906/793 863/904/795 865/907/797
f 865/907/797 863/904/795 848/883/780
f 865/907/797 848/883/780 866/908/798
f 866/908/798 848/883/780 849/884/781
f 866/908/798 849/884/781 867/909/799
f 867/909/799 850/885/782 868/910/800
f 867/909/799 868/910/800 869/911/801
f 869/911/801 868/910/800 870/912/802
f 869/911/801 870/912/802 871/913/803
f 869/911/801 871/913/803 872/914/804
f 872/914/804 871/913/803 873/915/805
f 872/914/804 873/915/805 874/916/806
f 874/916/806 873/915/805 875/917/807
f 636/886/568 634/918/566 850/885/782
f 850/885/782 634/918/566 868/910/800
f 868/910/800 634/918/566 633/919/565
f 868/910/800 633/919/565 870/912/802
f 870/912/802 633/919/565 631/920/563
f 870/912/802 631/920/563 856/921/788
f 870/912/802 856/921/788 871/913/803
f 871/913/803 856/921/788 857/922/789
f 871/913/803 857/922/789 873/915/805
f 873/915/805 857/922/789 858/923/790
f 873/915/805 858/923/790 875/917/807
f 875/917/807 858/923/790 859/924/791
f 875/917/807 859/924/791 861/925/793
f 875/917/807 861/925/793 874/916/806
f 865/907/797 876/926/808 861/906/793
f 861/906/793 876/926/808 874/916/806
f 874/916/806 876/926/808 872/914/804
f 872/914/804 876/926/808 877/927/809
f 872/914/804 877/927/809 869/911/801
f 869/911/801 877/927/809 867/909/799
f 865/907/797 877/927/809 876/926/808
f 878/928/810 879/929/811 880/930/812
f 881/931/813 882/932/814 880/930/812
f 880/930/812 882/932/814 878/928/810
f 878/928/810 882/932/814 883/933/815
f 878/928/810 883/933/815 615/934/547
f 878/928/810 615/934/547 616/935/548
f 878/928/810 616/935/548 617/936/549
f 878/928/810 617/936/549 879/929/811
f 879/929/811 617/936/549 618/937/550
f 879/929/811 618/937/550 884/938/816
f 881/931/813 880/930/812 885/939/817
f 881/931/813 885/939/817 886/940/818
f 886/940/818 885/939/817 887/941/819
f 886/940/818 887/941/819 888/942/820
f 888/942/820 887/941/819 889/943/821
f 888/942/820 889/943/821 890/944/822
f 890/944/822 889/943/821 891/945/823
f 890/944/822 891/945/823 892/946/824
f 892/946/824 891/945/823 893/947/825
f 892/946/824 893/947/825 894/948/826
f 894/948/826 893/947/825 895/949/827
f 894/948/826 895/949/827 896/950/828
f 896/950/828 895/949/827 621/951/553
f 896/950/828 621/951/553 619/952/551
f 897/953/829 885/939/817 880/930/812
f 897/953/829 880/930/812 879/929/811
f 897/953/829 879/929/811 884/938/816
f 886/940/818 888/954/820 898/955/830
f 886/940/818 898/955/830 881/931/813
f 881/931/813 898/955/830 899/956/831
f 881/931/813 899/956/831 882/932/814
f 882/932/814 899/956/831 900/957/832
f 882/932/814 900/957/832 883/933/815
f 883/933/815 900/957/832 901/958/833
f 901/958/833 900/957/832 902/959/834
f 901/958/833 902/959/834 903/960/835
f 903/960/835 902/959/834 904/961/836
f 904/961/836 902/959/834 905/962/837
f 904/961/836 905/962/837 906/963/838
f 906/963/838 905/962/837 907/964/839
f 906/963/838 907/964/839 908/965/840
f 615/934/547 883/933/815 614/966/546
f 614/966/546 883/933/815 901/958/833
f 614/966/546 901/958/833 612/967/544
f 612/967/544 901/958/833 903/960/835
f 612/967/544 903/960/835 619/968/551
f 619/968/551 903/960/835 896/969/828
f 896/969/828 903/960/835 904/961/836
f 896/969/828 904/961/836 894/970/826
f 894/970/826 904/961/836 906/963/838
f 894/970/826 906/963/838 892/971/824
f 892/971/824 906/963/838 890/972/822
f 890/972/822 906/963/838 908/965/840
f 890/972/822 908/965/840 888/973/820
f 888/973/820 908/965/840 907/964/839
f 898/955/830 888/954/820 909/974/841
f 909/974/841 888/954/820 907/964/839
f 909/974/841 907/964/839 905/962/837
f 909/974/841 905/962/837 910/975/842
f 910/975/842 905/962/837 902/959/834
f 910/975/842 902/959/834 900/957/832
f 910/975/842 900/957/832 899/956/831
f 910/975/842 899/956/831 898/955/830
f 910/975/842 898/955/830 909/974/841
f 911/976/843 912/977/844 820/978/752
f 820/978/752 912/977/844 913/979/845
f 820/978/752 913/979/845 821/980/753
f 820/978/752 819/981/751 911/976/843
f 911/976/843 819/981/751 818/982/750
f 911/976/843 818/982/750 649/665/581
f 649/665/581 818/982/750 817/983/749
f 649/665/581 817/983/749 914/984/846
f 914/984/846 817/983/749 828/985/760
f 914/984/846 828/985/760 480/986/412
f 480/986/412 828/985/760 479/987/411
f 479/987/411 828/985/760 826/988/758
f 479/987/411 826/988/758 418/989/350
f 418/989/350 826/988/758 823/990/755
f 418/989/350 823/990/755 821/980/753
f 418/989/350 821/980/753 913/979/845
f 418/989/350 913/979/845 260/991/169
f 629/644/561 649/665/581 915/992/847
f 915/992/847 649/665/581 914/984/846
f 915/992/847 914/984/846 916/993/848
f 916/993/848 914/984/846 480/986/412
f 916/993/848 480/986/412 481/994/413
f 916/993/848 481/994/413 482/995/414
f 916/993/848 482/995/414 917/996/849
f 916/993/848 917/996/849 915/992/847
f 915/992/847 917/996/849 918/997/850
f 915/992/847 918/997/850 629/644/561
f 919/998/851 920/999/852 391/1000/312
f 391/1000/312 920/999/852 921/1001/853
f 391/1000/312 921/1001/853 483/1002/415
f 483/1002/415 921/1001/853 922/1003/854
f 483/1002/415 922/1003/854 482/995/414
f 482/995/414 922/1003/854 917/996/849
f 917/996/849 922/1003/854 923/1004/855
f 917/996/849 923/1004/855 918/997/850
f 918/997/850 923/1004/855 924/1005/856
f 389/587/310 581/589/513 391/1000/312
f 391/1000/312 581/589/513 919/998/851
f 919/998/851 581/589/513 925/1006/857
f 925/1006/857 581/589/513 926/1007/858
f 926/1007/858 581/589/513 582/590/514
f 926/1007/858 582/590/514 927/1008/859
f 926/1007/858 927/1008/859 928/1009/860
f 926/1007/858 928/1009/860 925/1006/857
f 925/1006/857 928/1009/860 929/1010/861
f 929/1010/861 928/1009/860 924/1005/856
f 924/1005/856 928/1009/860 918/997/850
f 918/997/850 928/1009/860 927/1008/859
f 605/614/537 613/622/545 603/612/535
f 603/612/535 613/622/545 930/1011/862
f 930/1011/862 613/622/545 620/629/552
f 930/1011/862 620/629/552 931/1012/863
f 931/1012/863 620/629/552 629/644/561
f 931/1012/863 629/644/561 918/997/850
f 931/1012/863 918/997/850 930/1011/862
f 930/1011/862 918/997/850 927/1008/859
f 930/1011/862 927/1008/859 603/612/535
f 603/612/535 927/1008/859 582/590/514
f 603/612/535 582/590/514 604/613/536
f 604/613/536 582/590/514 583/591/515
f 604/613/536 583/591/515 584/592/516
f 604/613/536 584/592/516 593/602/525
f 770/795/702 772/797/704 785/1013/717
f 785/1013/717 772/797/704 773/798/705
f 785/1013/717 773/798/705 803/1014/735
f 803/1014/735 773/798/705 710/1015/642
f 710/1015/642 773/798/705 774/799/706
f 710/1015/642 774/799/706 709/732/641
f 932/1016/864 933/1017/865 934/1018/866
f 934/1018/866 933/1017/865 935/1019/867
f 934/1018/866 935/1019/867 936/1020/868
f 934/1018/866 936/1020/868 932/1016/864
f 922/1021/854 921/1022/853 937/1023/869
f 937/1023/869 921/1022/853 938/1024/870
f 937/1023/869 938/1024/870 939/1025/871
f 939/1025/871 938/1024/870 940/1026/872
f 939/1025/871 940/1026/872 941/1027/873
f 941/1027/873 940/1026/872 942/1028/874
f 941/1027/873 942/1028/874 943/1029/875
f 943/1029/875 942/1028/874 944/1030/876
f 943/1029/875 944/1030/876 933/1031/865
f 933/1031/865 944/1030/876 945/1032/877
f 933/1031/865 945/1032/877 935/1019/867
f 935/1019/867 945/1032/877 946/1033/878
f 935/1019/867 946/1033/878 936/1020/868
f 936/1020/868 946/1033/878 947/1034/879
f 938/1024/870 948/1035/880 940/1026/872
f 940/1026/872 948/1035/880 942/1028/874
f 942/1028/874 948/1035/880 949/1036/881
f 942/1028/874 949/1036/881 944/1030/876
f 944/1030/876 949/1036/881 945/1032/877
f 945/1032/877 949/1036/881 946/1033/878
f 946/1033/878 949/1036/881 947/1034/879
f 947/1034/879 949/1036/881 948/1035/880
f 936/1020/868 947/1034/879 950/1037/882
f 950/1037/882 947/1034/879 951/1038/883
f 950/1037/882 951/1038/883 952/1039/884
f 952/1039/884 951/1038/883 919/1040/851
f 919/1040/851 951/1038/883 920/1041/852
f 920/1041/852 951/1038/883 953/1042/885
f 953/1042/885 951/1038/883 947/1034/879
f 953/1042/885 947/1034/879 948/1035/880
f 953/1042/885 948/1035/880 938/1024/870
f 953/1042/885 938/1024/870 920/1041/852
f 920/1041/852 938/1024/870 921/1022/853
f 919/1040/851 925/1043/857 952/1039/884
f 952/1039/884 925/1043/857 929/1044/861
f 952/1039/884 929/1044/861 954/1045/886
f 954/1045/886 929/1044/861 924/1046/856
f 954/1045/886 924/1046/856 955/1047/887
f 955/1047/887 923/1048/855 956/1049/888
f 956/1049/888 923/1048/855 922/1050/854
f 956/1049/888 922/1050/854 937/1051/869
f 956/1049/888 937/1051/869 957/1052/889
f 957/1052/889 937/1051/869 939/1053/871
f 957/1052/889 939/1053/871 958/1054/890
f 958/1054/890 939/1053/871 941/1055/873
f 958/1054/890 941/1055/873 959/1056/891
f 956/1049/888 957/1052/889 960/1057/892
f 956/1049/888 960/1057/892 955/1047/887
f 955/1047/887 960/1057/892 954/1045/886
f 954/1045/886 960/1057/892 961/1058/893
f 954/1045/886 961/1058/893 952/1039/884
f 952/1039/884 961/1058/893 950/1037/882
f 950/1037/882 961/1058/893 962/1059/894
f 950/1037/882 962/1059/894 936/1020/868
f 936/1020/868 962/1059/894 932/1016/864
f 932/1016/864 962/1059/894 963/1060/895
f 932/1016/864 963/1060/895 933/1061/865
f 933/1061/865 963/1060/895 959/1056/891
f 933/1061/865 959/1056/891 943/1062/875
f 943/1062/875 959/1056/891 941/1055/873
f 961/1058/893 960/1057/892 964/1063/896
f 961/1058/893 964/1063/896 962/1059/894
f 962/1059/894 964/1063/896 963/1060/895
f 959/1056/891 964/1063/896 958/1054/890
f 958/1054/890 964/1063/896 957/1052/889
f 957/1052/889 964/1063/896 960/1057/892
f 649/665/581 650/666/582 911/976/843
f 911/976/843 650/666/582 912/977/844
f 912/977/844 650/666/582 651/667/583
f 912/977/844 651/667/583 913/979/845
f 653/669/585 472/679/404 652/668/584
f 652/668/584 472/679/404 965/1064/897
f 652/668/584 965/1064/897 651/667/583
f 651/667/583 965/1064/897 913/979/845
f 913/979/845 965/1064/897 260/991/169
f 260/991/169 965/1064/897 472/679/404
f 449/434/381 453/439/385 454/440/386
f 645/661/577 637/652/569 646/662/578
f 654/670/586 645/661/577 646/662/578
f 654/670/586 646/662/578 655/671/587
f 655/671/587 660/676/592 654/670/586
f 654/670/586 660/676/592 661/677/593
f 660/676/592 665/683/597 661/677/593
f 806/834/738 816/844/748 822/850/754
f 806/834/738 822/850/754 829/857/761
f 806/834/738 829/857/761 837/865/769
f 816/844/748 821/849/753 822/850/754
f 867/909/799 849/884/781 850/885/782
f 867/909/799 877/927/809 866/908/798
f 866/908/798 877/927/809 865/907/797
f 884/938/816 618/937/550 621/951/553
f 884/938/816 621/951/553 895/949/827
f 884/938/816 895/949/827 893/947/825
f 884/938/816 893/947/825 897/953/829
f 897/953/829 893/947/825 891/945/823
f 885/939/817 891/945/823 887/941/819
f 887/941/819 891/945/823 889/943/821
f 891/945/823 885/939/817 897/953/829
f 955/1047/887 924/1046/856 923/1048/855
f 963/1060/895 964/1063/896 959/1056/891
usemtl Material_007.003
f 147/1065/898 148/1066/899 149/1067/900
f 150/1068/901 147/1065/898 151/1069/902
f 151/1069/902 147/1065/898 149/1070/900
f 152/1071/903 153/1072/904 154/1073/905
f 152/1074/903 155/1075/906 149/1076/900
f 149/1076/900 155/1075/906 151/1077/902
f 156/1078/907 150/1079/901 155/1075/906
f 155/1075/906 150/1079/901 151/1077/902
f 156/1078/907 154/1080/905 150/1079/901
f 150/1079/901 154/1080/905 147/1081/898
f 154/1073/905 153/1072/904 147/1082/898
f 147/1082/898 153/1072/904 148/1066/899
f 156/1078/907 155/1075/906 154/1080/905
f 154/1080/905 155/1075/906 152/1074/903
f 153/1072/904 152/1071/903 148/1066/899
f 148/1066/899 152/1071/903 149/1067/900
usemtl Tex_0149_0_png_003_Tex_0151_0.png.003
f 157/1083/292 158/1084/908 159/1085/291
f 160/1086/284 161/1087/909 162/1088/181
f 162/1088/181 161/1087/909 163/1089/171
f 164/1090/307 165/1091/910 166/1092/305
f 166/1092/305 167/1093/911 168/1094/306
f 168/1094/306 167/1093/911 169/1095/912
f 168/1094/306 169/1095/912 170/1096/294
f 170/1096/294 171/1097/913 172/1098/293
f 172/1098/293 171/1097/913 157/1083/292
f 173/1099/914 174/1100/915 175/1101/916
f 175/1101/916 174/1100/915 176/1102/917
f 173/1099/914 177/1103/918 174/1100/915
f 174/1100/915 177/1103/918 178/1104/919
f 174/1100/915 178/1104/919 179/1105/920
f 179/1105/920 178/1104/919 180/1106/921
f 179/1105/920 180/1106/921 181/1107/922
f 179/1105/920 181/1107/922 182/1108/923
f 182/1108/923 181/1107/922 183/1109/924
f 182/1108/923 183/1109/924 184/1110/925
f 182/1108/923 184/1110/925 176/1102/917
f 182/1108/923 176/1102/917 174/1100/915
f 182/1108/923 174/1100/915 179/1105/920
f 164/1111/307 175/1101/916 185/1112/926
f 185/1112/926 175/1101/916 176/1102/917
f 185/1112/926 176/1102/917 186/1113/927
f 186/1113/927 176/1102/917 184/1110/925
f 186/1113/927 184/1110/925 187/1114/928
f 186/1113/927 187/1114/928 188/1115/929
f 188/1115/929 187/1114/928 189/1116/930
f 188/1115/929 189/1116/930 190/1117/168
f 190/1117/168 189/1116/930 191/1118/348
f 191/1118/348 189/1116/930 192/1119/346
f 192/1119/346 189/1116/930 193/1120/931
f 192/1119/346 193/1120/931 194/1121/342
f 194/1121/342 193/1120/931 195/1122/932
f 194/1121/342 195/1122/932 196/1123/345
f 193/1120/931 189/1116/930 197/1124/933
f 197/1124/933 189/1116/930 187/1114/928
f 197/1124/933 187/1114/928 198/1125/934
f 198/1125/934 187/1114/928 184/1110/925
f 198/1125/934 184/1110/925 183/1109/924
f 198/1125/934 183/1109/924 199/1126/935
f 198/1125/934 199/1126/935 200/1127/936
f 200/1127/936 199/1126/935 201/1128/937
f 200/1127/936 201/1128/937 202/1129/938
f 200/1127/936 202/1129/938 197/1124/933
f 200/1127/936 197/1124/933 198/1125/934
f 195/1122/932 193/1120/931 203/1130/939
f 203/1130/939 193/1120/931 204/1131/940
f 203/1130/939 204/1131/940 205/1132/941
f 205/1132/941 204/1131/940 202/1129/938
f 205/1132/941 202/1129/938 206/1133/942
f 206/1133/942 202/1129/938 201/1128/937
f 206/1133/942 201/1128/937 207/1134/943
f 207/1134/943 201/1128/937 199/1126/935
f 207/1134/943 199/1126/935 208/1135/944
f 208/1135/944 199/1126/935 183/1109/924
f 208/1135/944 183/1109/924 181/1107/922
f 208/1135/944 181/1107/922 207/1134/943
f 207/1134/943 181/1107/922 180/1106/921
f 207/1134/943 180/1106/921 209/1136/945
f 203/1130/939 205/1132/941 210/1137/946
f 210/1137/946 205/1132/941 211/1138/947
f 211/1138/947 205/1132/941 206/1133/942
f 211/1138/947 206/1133/942 212/1139/948
f 212/1139/948 206/1133/942 213/1140/949
f 213/1140/949 206/1133/942 207/1134/943
f 213/1140/949 207/1134/943 209/1136/945
f 213/1140/949 209/1136/945 212/1139/948
f 212/1139/948 209/1136/945 214/1141/950
f 214/1141/950 209/1136/945 215/1142/951
f 214/1141/950 215/1142/951 216/1143/952
f 216/1143/952 215/1142/951 217/1144/953
f 210/1137/946 211/1138/947 218/1145/954
f 218/1145/954 211/1138/947 212/1139/948
f 218/1145/954 212/1139/948 214/1141/950
f 218/1145/954 214/1141/950 216/1143/952
f 180/1106/921 178/1104/919 209/1136/945
f 209/1136/945 178/1104/919 215/1142/951
f 215/1142/951 178/1104/919 177/1103/918
f 215/1142/951 177/1103/918 217/1144/953
f 217/1144/953 177/1103/918 173/1099/914
f 217/1144/953 173/1099/914 219/1146/955
f 217/1144/953 219/1146/955 216/1143/952
f 216/1143/952 219/1146/955 220/1147/956
f 216/1143/952 220/1147/956 218/1145/954
f 218/1145/954 220/1147/956 221/1148/957
f 218/1145/954 221/1148/957 222/1149/958
f 218/1145/954 222/1149/958 210/1137/946
f 210/1137/946 222/1149/958 195/1122/932
f 210/1137/946 195/1122/932 203/1130/939
f 164/1111/307 223/1150/320 175/1101/916
f 175/1101/916 223/1150/320 224/1151/316
f 175/1101/916 224/1151/316 173/1099/914
f 173/1099/914 224/1151/316 225/1152/317
f 173/1099/914 225/1152/317 219/1146/955
f 219/1146/955 225/1152/317 226/1153/319
f 219/1146/955 226/1153/319 220/1147/956
f 220/1147/956 226/1153/319 227/1154/332
f 220/1147/956 227/1154/332 221/1148/957
f 221/1148/957 227/1154/332 228/1155/333
f 221/1148/957 228/1155/333 229/1156/344
f 221/1148/957 229/1156/344 222/1149/958
f 222/1149/958 229/1156/344 196/1123/345
f 222/1149/958 196/1123/345 195/1122/932
f 193/1120/931 197/1124/933 204/1131/940
f 204/1131/940 197/1124/933 202/1129/938
f 163/1089/171 161/1087/909 230/1157/959
f 163/1089/171 230/1157/959 231/1158/172
f 231/1158/172 230/1157/959 232/1159/960
f 231/1158/172 232/1159/960 233/1160/174
f 233/1160/174 232/1159/960 234/1161/961
f 233/1160/174 234/1161/961 190/1162/168
f 235/1163/962 234/1161/961 236/1164/963
f 236/1164/963 234/1161/961 232/1159/960
f 236/1164/963 232/1159/960 237/1165/964
f 237/1165/964 232/1159/960 230/1157/959
f 237/1165/964 230/1157/959 238/1166/965
f 238/1166/965 230/1157/959 161/1087/909
f 238/1166/965 161/1087/909 158/1084/908
f 238/1166/965 158/1084/908 171/1097/913
f 238/1166/965 171/1097/913 169/1095/912
f 238/1166/965 169/1095/912 237/1165/964
f 237/1165/964 169/1095/912 167/1093/911
f 237/1165/964 167/1093/911 236/1164/963
f 236/1164/963 167/1093/911 165/1091/910
f 236/1164/963 165/1091/910 235/1163/962
f 190/1162/168 234/1161/961 188/1167/929
f 188/1167/929 234/1161/961 235/1163/962
f 188/1167/929 235/1163/962 186/1168/927
f 186/1168/927 235/1163/962 185/1169/926
f 185/1169/926 235/1163/962 165/1091/910
f 185/1169/926 165/1091/910 164/1090/307
f 171/1097/913 158/1084/908 157/1083/292
f 159/1085/291 158/1084/908 160/1086/284
f 160/1086/284 158/1084/908 161/1087/909
f 166/1092/305 165/1091/910 167/1093/911
f 170/1096/294 169/1095/912 171/1097/913
